,Index,PF
0,0_000_S3,0
1,0_001_S0,0
2,0_002_S3,0
3,0_003_S3,0
4,0_004_S0,0
5,0_004_S2,0
6,0_006_S3,0
7,0_007_S0,0
8,0_007_S1,0
9,0_009_S1,0
10,0_010_S0,0
11,0_010_S1,0
12,0_011_S1,0
13,0_011_S2,0
14,0_013_S0,0
15,0_013_S1,0
16,0_013_S2,0
17,0_013_S3,0
18,0_014_S0,0
19,0_014_S1,0
20,0_014_S3,0
21,0_015_S0,0
22,0_015_S2,0
23,0_018_S1,0
24,0_018_S2,0
25,0_018_S3,0
26,0_019_S1,0
27,0_019_S2,0
28,0_019_S3,0
29,0_021_S3,0
30,0_022_S3,0
31,0_024_S0,0
32,0_024_S1,0
33,0_025_S2,0
34,0_025_S3,0
35,0_026_S0,0
36,0_026_S2,0
37,0_028_S3,0
38,0_029_S0,0
39,0_029_S1,0
40,0_032_S3,0
41,0_034_S2,0
42,0_035_S0,0
43,0_035_S2,0
44,0_036_S2,0
45,0_038_S2,0
46,0_040_S0,0
47,0_040_S2,0
48,0_041_S1,0
49,0_041_S2,0
50,0_041_S3,0
51,0_042_S1,0
52,0_045_S0,0
53,0_045_S3,0
54,0_046_S0,0
55,0_047_S1,0
56,0_049_S0,0
57,0_049_S2,0
58,0_051_S0,0
59,0_052_S2,0
60,0_053_S2,0
61,0_054_S0,0
62,0_057_S0,0
63,0_057_S1,0
64,0_057_S2,0
65,0_057_S3,0
66,0_059_S0,0
67,0_059_S1,0
68,0_060_S0,0
69,0_060_S2,0
70,0_061_S1,0
71,0_061_S2,0
72,0_063_S1,0
73,0_063_S3,0
74,0_064_S1,0
75,0_067_S2,0
76,0_067_S3,0
77,0_068_S1,0
78,0_068_S2,0
79,0_070_S0,0
80,0_071_S1,0
81,0_074_S0,0
82,0_074_S1,0
83,0_075_S0,0
84,0_075_S3,0
85,0_076_S3,0
86,0_077_S1,0
87,0_078_S0,0
88,0_078_S3,0
89,0_079_S2,0
90,0_080_S0,0
91,0_083_S2,0
92,0_083_S3,0
93,0_085_S0,0
94,0_085_S2,0
95,0_085_S3,0
96,0_086_S0,0
97,0_087_S1,0
98,0_087_S3,0
99,0_089_S2,0
100,0_089_S3,0
101,0_092_S2,0
102,0_092_S3,0
103,0_093_S3,0
104,0_094_S2,0
105,0_095_S3,0
106,0_096_S2,0
107,0_097_S1,0
108,0_097_S3,0
109,0_098_S2,0
110,0_099_S1,0
111,0_099_S2,0
112,0_100_S1,0
113,0_100_S2,0
114,0_102_S1,0
115,0_102_S2,0
116,0_103_S0,0
117,0_103_S2,0
118,0_104_S3,0
119,0_105_S0,0
120,0_105_S1,0
121,0_105_S2,0
122,0_107_S2,0
123,0_108_S0,0
124,0_108_S2,0
125,0_110_S2,0
126,0_111_S2,0
127,0_113_S0,0
128,0_114_S3,0
129,0_116_S2,0
130,0_117_S1,0
131,0_117_S2,0
132,0_118_S1,0
133,0_118_S2,0
134,0_118_S3,0
135,0_119_S1,0
136,0_119_S3,0
137,0_120_S2,0
138,0_122_S1,1
139,0_123_S2,0
140,0_124_S0,0
141,0_124_S2,0
142,0_126_S2,0
143,0_127_S0,0
144,10_000_S2,0
145,10_000_S3,0
146,10_001_S0,0
147,10_001_S1,0
148,10_001_S2,0
149,10_002_S1,0
150,10_002_S2,0
151,10_003_S2,0
152,10_004_S0,0
153,10_004_S3,0
154,10_005_S1,0
155,10_005_S3,0
156,10_006_S0,0
157,10_007_S1,0
158,10_007_S2,0
159,10_008_S0,0
160,10_008_S1,0
161,10_010_S0,0
162,10_010_S1,0
163,10_010_S2,0
164,10_010_S3,0
165,10_011_S3,0
166,10_012_S1,0
167,10_014_S2,0
168,10_014_S3,0
169,10_015_S0,0
170,10_015_S2,0
171,10_016_S0,0
172,10_016_S1,0
173,10_016_S2,0
174,10_017_S1,0
175,10_017_S2,0
176,10_019_S3,0
177,10_022_S0,0
178,10_025_S2,0
179,10_025_S3,0
180,10_026_S1,0
181,10_027_S1,0
182,10_027_S3,0
183,10_028_S1,0
184,10_029_S1,0
185,10_029_S2,0
186,10_029_S3,0
187,10_031_S0,0
188,10_031_S2,0
189,10_031_S3,0
190,10_033_S2,0
191,10_034_S1,0
192,10_035_S3,0
193,10_038_S3,0
194,10_039_S0,0
195,10_039_S2,0
196,10_041_S0,0
197,10_041_S2,1
198,10_043_S3,0
199,10_044_S0,0
200,10_044_S2,0
201,10_044_S3,0
202,10_045_S2,0
203,10_047_S1,0
204,10_049_S0,0
205,10_049_S1,0
206,10_050_S0,0
207,10_053_S2,0
208,10_055_S3,0
209,10_057_S3,0
210,10_058_S1,0
211,10_058_S3,0
212,10_059_S0,0
213,10_059_S1,0
214,10_060_S2,0
215,10_060_S3,0
216,10_061_S1,0
217,10_062_S0,0
218,10_062_S2,0
219,10_063_S1,0
220,10_063_S3,0
221,10_064_S1,0
222,10_066_S0,0
223,10_066_S2,0
224,10_067_S2,0
225,10_069_S0,0
226,10_069_S1,0
227,10_070_S1,0
228,10_070_S2,0
229,10_071_S0,0
230,10_072_S0,0
231,10_073_S1,0
232,10_073_S2,0
233,10_074_S0,0
234,10_076_S3,0
235,10_077_S0,0
236,10_079_S0,0
237,10_079_S1,0
238,10_080_S1,0
239,10_082_S0,0
240,10_082_S2,0
241,10_083_S1,0
242,10_083_S3,0
243,10_084_S1,0
244,10_087_S0,0
245,10_087_S2,0
246,10_089_S2,0
247,10_090_S2,0
248,10_090_S3,0
249,10_091_S0,0
250,10_091_S1,0
251,10_091_S2,0
252,10_091_S3,0
253,10_092_S0,0
254,10_093_S0,0
255,10_094_S1,0
256,10_096_S1,0
257,10_097_S3,0
258,10_099_S0,0
259,10_099_S1,0
260,10_100_S0,0
261,10_102_S2,0
262,10_103_S2,0
263,10_103_S3,0
264,10_105_S1,0
265,10_105_S3,0
266,10_106_S3,0
267,10_108_S0,0
268,10_111_S1,0
269,10_112_S3,0
270,10_113_S3,0
271,10_114_S3,0
272,10_115_S0,0
273,10_115_S1,0
274,10_117_S1,0
275,10_118_S1,0
276,10_119_S0,0
277,10_120_S1,0
278,10_121_S0,0
279,10_121_S3,0
280,10_122_S3,0
281,10_123_S1,0
282,10_123_S2,0
283,10_125_S1,0
284,10_125_S2,0
285,10_127_S1,0
286,11_000_S1,0
287,11_000_S2,0
288,11_001_S1,0
289,11_001_S3,0
290,11_002_S1,0
291,11_002_S3,0
292,11_003_S0,0
293,11_003_S2,0
294,11_004_S2,0
295,11_005_S0,1
296,11_005_S2,0
297,11_006_S0,1
298,11_006_S3,0
299,11_007_S3,0
300,11_008_S3,0
301,11_009_S2,0
302,11_009_S3,0
303,11_011_S2,0
304,11_012_S0,0
305,11_012_S2,0
306,11_013_S2,0
307,11_013_S3,0
308,11_015_S1,0
309,11_015_S3,0
310,11_017_S1,0
311,11_017_S2,0
312,11_018_S0,0
313,11_018_S3,0
314,11_019_S0,0
315,11_019_S2,0
316,11_020_S3,0
317,11_021_S3,0
318,11_023_S2,0
319,11_024_S2,0
320,11_026_S2,0
321,11_028_S2,0
322,11_029_S1,0
323,11_030_S0,0
324,11_030_S3,0
325,11_031_S0,0
326,11_032_S0,0
327,11_032_S1,0
328,11_033_S0,0
329,11_033_S1,0
330,11_033_S3,0
331,11_035_S1,0
332,11_035_S3,0
333,11_036_S0,0
334,11_038_S1,0
335,11_039_S0,0
336,11_039_S2,0
337,11_039_S3,0
338,11_040_S0,0
339,11_041_S2,0
340,11_042_S3,0
341,11_043_S1,0
342,11_045_S3,0
343,11_048_S0,0
344,11_048_S2,0
345,11_048_S3,0
346,11_051_S3,0
347,11_052_S3,0
348,11_054_S1,0
349,11_054_S3,0
350,11_055_S0,0
351,11_055_S1,0
352,11_055_S3,0
353,11_056_S0,0
354,11_057_S0,0
355,11_057_S2,0
356,11_058_S2,0
357,11_059_S0,0
358,11_059_S3,0
359,11_060_S0,0
360,11_061_S1,0
361,11_062_S2,0
362,11_063_S1,0
363,11_064_S2,0
364,11_065_S1,0
365,11_067_S2,0
366,11_068_S1,0
367,11_069_S1,0
368,11_069_S3,0
369,11_070_S0,0
370,11_071_S0,0
371,11_072_S1,0
372,11_073_S3,0
373,11_074_S2,0
374,11_075_S0,0
375,11_075_S3,0
376,11_076_S0,0
377,11_077_S2,0
378,11_078_S1,0
379,11_078_S2,0
380,11_079_S1,0
381,11_079_S2,0
382,11_081_S1,0
383,11_081_S3,0
384,11_082_S0,0
385,11_083_S1,0
386,11_084_S0,0
387,11_084_S2,0
388,11_086_S0,0
389,11_086_S1,0
390,11_087_S2,0
391,11_088_S3,0
392,11_089_S0,0
393,11_089_S1,0
394,11_089_S3,0
395,11_090_S1,0
396,11_090_S2,0
397,11_091_S3,0
398,11_092_S0,0
399,11_092_S2,0
400,11_092_S3,0
401,11_093_S1,0
402,11_093_S2,0
403,11_094_S1,0
404,11_094_S2,0
405,11_096_S1,0
406,11_096_S3,0
407,11_097_S1,0
408,11_097_S3,0
409,11_099_S3,0
410,11_100_S0,0
411,11_100_S1,0
412,11_101_S3,0
413,11_102_S3,0
414,11_103_S2,0
415,11_106_S0,0
416,11_106_S1,0
417,11_106_S3,0
418,11_107_S1,0
419,11_110_S2,0
420,11_112_S0,0
421,11_113_S2,0
422,11_114_S2,0
423,11_115_S2,0
424,11_116_S1,0
425,11_116_S2,0
426,11_117_S1,0
427,11_117_S2,0
428,11_118_S3,0
429,11_119_S0,0
430,11_120_S0,0
431,11_120_S1,0
432,11_121_S1,0
433,11_122_S2,0
434,11_123_S0,0
435,11_124_S1,0
436,11_124_S2,0
437,11_125_S1,0
438,11_127_S1,0
439,12_000_S1,0
440,12_000_S3,0
441,12_001_S2,0
442,12_002_S3,0
443,12_004_S0,0
444,12_005_S2,0
445,12_006_S2,0
446,12_006_S3,0
447,12_008_S0,0
448,12_008_S2,0
449,12_009_S0,0
450,12_011_S0,0
451,12_011_S2,0
452,12_011_S3,0
453,12_013_S1,0
454,12_015_S1,0
455,12_018_S1,0
456,12_019_S0,0
457,12_020_S2,0
458,12_023_S0,0
459,12_023_S1,0
460,12_024_S2,0
461,12_025_S1,0
462,12_026_S2,0
463,12_026_S3,0
464,12_028_S3,0
465,12_029_S1,0
466,12_030_S0,0
467,12_030_S2,0
468,12_031_S0,0
469,12_032_S0,0
470,12_032_S1,0
471,12_032_S3,0
472,12_033_S0,0
473,12_033_S3,0
474,12_034_S0,0
475,12_036_S1,0
476,12_038_S0,0
477,12_038_S1,0
478,12_038_S3,0
479,12_039_S3,0
480,12_040_S1,0
481,12_040_S3,0
482,12_042_S0,0
483,12_042_S2,0
484,12_042_S3,0
485,12_043_S1,0
486,12_044_S0,0
487,12_045_S0,0
488,12_045_S1,0
489,12_045_S2,0
490,12_047_S1,0
491,12_049_S0,0
492,12_049_S1,0
493,12_049_S3,0
494,12_050_S1,0
495,12_050_S2,0
496,12_051_S3,0
497,12_053_S1,0
498,12_055_S1,0
499,12_057_S1,0
500,12_058_S2,0
501,12_059_S0,0
502,12_059_S2,0
503,12_060_S1,0
504,12_061_S0,0
505,12_061_S1,0
506,12_061_S2,0
507,12_063_S1,0
508,12_063_S2,0
509,12_064_S0,0
510,12_064_S1,0
511,12_064_S2,0
512,12_066_S1,0
513,12_066_S2,0
514,12_067_S1,0
515,12_068_S1,0
516,12_070_S1,0
517,12_070_S2,0
518,12_071_S0,0
519,12_071_S2,0
520,12_073_S1,0
521,12_074_S1,0
522,12_076_S1,0
523,12_076_S2,0
524,12_079_S3,0
525,12_080_S1,0
526,12_080_S3,0
527,12_081_S0,0
528,12_081_S3,0
529,12_082_S0,0
530,12_082_S1,0
531,12_083_S2,0
532,12_084_S0,0
533,12_084_S1,0
534,12_084_S3,0
535,12_085_S0,0
536,12_086_S2,0
537,12_087_S1,0
538,12_087_S2,0
539,12_087_S3,0
540,12_089_S0,0
541,12_089_S2,0
542,12_090_S0,0
543,12_090_S1,0
544,12_090_S2,0
545,12_091_S0,0
546,12_091_S2,0
547,12_092_S3,0
548,12_093_S2,0
549,12_093_S3,0
550,12_095_S0,0
551,12_095_S1,0
552,12_095_S3,0
553,12_096_S2,0
554,12_097_S2,0
555,12_098_S3,0
556,12_099_S2,0
557,12_100_S1,0
558,12_100_S2,0
559,12_102_S3,0
560,12_103_S0,0
561,12_103_S2,0
562,12_104_S3,0
563,12_105_S1,0
564,12_105_S2,0
565,12_106_S0,0
566,12_109_S0,0
567,12_109_S1,0
568,12_109_S3,0
569,12_110_S1,0
570,12_111_S2,0
571,12_112_S1,0
572,12_112_S2,0
573,12_112_S3,0
574,12_113_S1,0
575,12_114_S2,0
576,12_114_S3,0
577,12_115_S1,0
578,12_116_S1,0
579,12_116_S3,0
580,12_117_S1,0
581,12_117_S3,0
582,12_119_S1,0
583,12_121_S2,0
584,12_125_S0,0
585,12_125_S2,0
586,12_126_S0,0
587,12_126_S1,0
588,12_126_S2,0
589,12_127_S2,0
590,13_002_S1,0
591,13_003_S1,0
592,13_005_S3,0
593,13_006_S1,0
594,13_006_S2,0
595,13_008_S0,0
596,13_009_S1,0
597,13_010_S3,0
598,13_013_S0,0
599,13_013_S2,0
600,13_014_S2,0
601,13_016_S1,0
602,13_017_S0,0
603,13_019_S3,0
604,13_020_S0,0
605,13_020_S1,0
606,13_021_S0,0
607,13_021_S3,0
608,13_022_S0,0
609,13_024_S2,0
610,13_025_S0,0
611,13_027_S0,0
612,13_027_S3,0
613,13_028_S2,0
614,13_028_S3,0
615,13_029_S0,0
616,13_029_S2,0
617,13_031_S1,0
618,13_031_S3,0
619,13_034_S1,0
620,13_035_S0,0
621,13_036_S1,0
622,13_036_S2,0
623,13_036_S3,0
624,13_037_S0,0
625,13_037_S2,0
626,13_038_S1,0
627,13_038_S3,0
628,13_039_S1,0
629,13_039_S3,0
630,13_040_S2,0
631,13_041_S0,0
632,13_041_S2,0
633,13_042_S2,0
634,13_042_S3,0
635,13_043_S0,0
636,13_043_S1,0
637,13_043_S3,0
638,13_044_S3,0
639,13_045_S2,0
640,13_046_S1,0
641,13_046_S2,0
642,13_046_S3,0
643,13_047_S1,0
644,13_047_S2,0
645,13_048_S0,0
646,13_048_S2,0
647,13_048_S3,0
648,13_049_S1,0
649,13_050_S1,0
650,13_050_S3,0
651,13_051_S1,0
652,13_051_S2,0
653,13_053_S0,0
654,13_053_S3,0
655,13_054_S0,0
656,13_054_S2,0
657,13_055_S1,0
658,13_056_S0,0
659,13_056_S3,0
660,13_057_S2,0
661,13_059_S2,0
662,13_060_S0,0
663,13_061_S0,0
664,13_061_S2,0
665,13_062_S2,0
666,13_062_S3,0
667,13_063_S3,0
668,13_064_S0,0
669,13_064_S1,0
670,13_065_S1,0
671,13_065_S2,0
672,13_066_S1,0
673,13_066_S3,0
674,13_067_S1,0
675,13_068_S0,0
676,13_068_S2,0
677,13_068_S3,0
678,13_069_S2,0
679,13_069_S3,0
680,13_072_S0,0
681,13_072_S1,0
682,13_073_S1,0
683,13_073_S3,0
684,13_074_S0,0
685,13_074_S1,0
686,13_074_S2,0
687,13_074_S3,0
688,13_075_S2,0
689,13_075_S3,0
690,13_076_S0,0
691,13_077_S2,0
692,13_078_S1,0
693,13_078_S3,0
694,13_080_S0,0
695,13_080_S1,0
696,13_080_S2,0
697,13_080_S3,0
698,13_082_S1,0
699,13_082_S2,0
700,13_082_S3,0
701,13_083_S0,0
702,13_083_S2,0
703,13_086_S1,0
704,13_086_S2,0
705,13_087_S2,0
706,13_087_S3,0
707,13_088_S1,0
708,13_088_S3,0
709,13_089_S1,0
710,13_089_S2,0
711,13_089_S3,0
712,13_090_S2,0
713,13_090_S3,0
714,13_091_S2,0
715,13_092_S0,0
716,13_092_S3,0
717,13_093_S1,0
718,13_096_S1,0
719,13_098_S1,0
720,13_098_S2,0
721,13_099_S1,0
722,13_100_S3,0
723,13_101_S1,0
724,13_101_S2,0
725,13_103_S0,0
726,13_103_S2,0
727,13_103_S3,0
728,13_104_S0,0
729,13_104_S1,0
730,13_104_S3,0
731,13_105_S0,0
732,13_107_S0,0
733,13_108_S2,0
734,13_110_S0,0
735,13_111_S0,0
736,13_112_S0,0
737,13_112_S2,0
738,13_113_S2,0
739,13_114_S1,0
740,13_115_S0,0
741,13_115_S1,0
742,13_115_S2,0
743,13_116_S2,0
744,13_116_S3,0
745,13_117_S3,0
746,13_118_S0,0
747,13_118_S1,0
748,13_118_S2,0
749,13_121_S0,0
750,13_121_S3,0
751,13_123_S2,0
752,13_124_S2,0
753,13_125_S0,0
754,13_125_S3,0
755,13_126_S1,0
756,13_126_S3,0
757,13_127_S0,0
758,13_127_S3,0
759,14_000_S2,0
760,14_001_S3,0
761,14_002_S1,0
762,14_002_S2,0
763,14_004_S3,0
764,14_005_S3,0
765,14_007_S2,0
766,14_008_S1,0
767,14_010_S2,0
768,14_011_S2,0
769,14_011_S3,0
770,14_012_S1,0
771,14_013_S2,0
772,14_014_S1,0
773,14_014_S2,0
774,14_015_S0,0
775,14_015_S2,0
776,14_016_S2,0
777,14_017_S1,0
778,14_017_S2,0
779,14_017_S3,0
780,14_018_S1,0
781,14_018_S3,0
782,14_019_S0,0
783,14_020_S1,0
784,14_021_S2,0
785,14_022_S0,0
786,14_022_S3,0
787,14_027_S3,0
788,14_028_S1,0
789,14_028_S2,0
790,14_028_S3,0
791,14_029_S0,0
792,14_030_S3,0
793,14_031_S0,0
794,14_031_S2,0
795,14_032_S0,0
796,14_034_S2,0
797,14_035_S1,0
798,14_036_S0,0
799,14_036_S2,0
800,14_037_S0,0
801,14_038_S0,0
802,14_039_S0,0
803,14_040_S1,0
804,14_040_S2,0
805,14_041_S1,0
806,14_042_S1,0
807,14_042_S2,0
808,14_043_S3,0
809,14_044_S0,0
810,14_044_S1,0
811,14_044_S2,0
812,14_046_S3,0
813,14_047_S1,0
814,14_047_S2,0
815,14_047_S3,0
816,14_048_S0,0
817,14_048_S3,0
818,14_049_S0,0
819,14_049_S1,0
820,14_049_S3,0
821,14_050_S0,0
822,14_051_S1,0
823,14_052_S1,0
824,14_053_S3,0
825,14_054_S1,0
826,14_054_S3,0
827,14_056_S1,0
828,14_056_S2,0
829,14_056_S3,0
830,14_057_S2,0
831,14_059_S3,0
832,14_060_S0,0
833,14_061_S2,0
834,14_062_S3,0
835,14_063_S2,0
836,14_064_S3,0
837,14_065_S1,0
838,14_066_S0,0
839,14_067_S0,0
840,14_067_S2,0
841,14_068_S3,0
842,14_070_S1,0
843,14_070_S2,0
844,14_071_S0,0
845,14_071_S1,0
846,14_072_S3,0
847,14_073_S1,0
848,14_074_S0,0
849,14_075_S2,0
850,14_075_S3,0
851,14_077_S3,0
852,14_078_S3,0
853,14_079_S0,0
854,14_079_S1,0
855,14_079_S3,0
856,14_080_S3,0
857,14_083_S1,0
858,14_083_S2,0
859,14_084_S1,0
860,14_085_S1,0
861,14_086_S1,0
862,14_087_S0,0
863,14_087_S3,0
864,14_088_S1,0
865,14_089_S0,0
866,14_090_S0,0
867,14_091_S1,0
868,14_091_S2,0
869,14_092_S1,0
870,14_092_S3,0
871,14_093_S1,0
872,14_093_S3,0
873,14_094_S0,0
874,14_095_S1,0
875,14_096_S0,0
876,14_096_S2,0
877,14_097_S0,0
878,14_099_S3,0
879,14_100_S0,0
880,14_101_S1,0
881,14_101_S3,0
882,14_102_S0,0
883,14_102_S1,0
884,14_102_S3,0
885,14_105_S0,0
886,14_105_S3,0
887,14_106_S0,0
888,14_107_S2,0
889,14_108_S0,0
890,14_109_S0,0
891,14_109_S1,0
892,14_109_S2,0
893,14_109_S3,0
894,14_110_S0,0
895,14_111_S0,0
896,14_111_S1,0
897,14_112_S0,0
898,14_113_S0,0
899,14_114_S0,0
900,14_114_S1,0
901,14_116_S2,0
902,14_117_S2,0
903,14_120_S2,0
904,14_121_S1,0
905,14_122_S2,0
906,14_125_S3,0
907,14_126_S1,0
908,14_126_S3,0
909,15_000_S3,0
910,15_001_S2,0
911,15_001_S3,0
912,15_003_S2,0
913,15_004_S0,0
914,15_004_S1,0
915,15_004_S3,0
916,15_005_S2,0
917,15_006_S3,0
918,15_007_S1,0
919,15_007_S3,0
920,15_008_S0,0
921,15_008_S1,0
922,15_008_S3,0
923,15_009_S1,0
924,15_009_S3,0
925,15_010_S0,0
926,15_010_S3,0
927,15_012_S1,0
928,15_016_S0,0
929,15_017_S0,0
930,15_017_S1,0
931,15_020_S1,0
932,15_020_S2,0
933,15_022_S0,0
934,15_022_S3,0
935,15_023_S2,0
936,15_024_S1,0
937,15_024_S3,0
938,15_025_S2,0
939,15_027_S0,0
940,15_028_S3,0
941,15_029_S2,0
942,15_031_S1,0
943,15_031_S2,0
944,15_031_S3,0
945,15_032_S0,0
946,15_032_S3,0
947,15_033_S0,0
948,15_034_S0,0
949,15_035_S0,0
950,15_036_S0,0
951,15_036_S1,0
952,15_037_S3,0
953,15_038_S0,0
954,15_039_S1,0
955,15_039_S3,0
956,15_042_S3,0
957,15_043_S1,0
958,15_043_S3,0
959,15_045_S1,0
960,15_045_S2,0
961,15_045_S3,0
962,15_046_S1,0
963,15_046_S2,0
964,15_046_S3,0
965,15_047_S3,0
966,15_048_S1,0
967,15_048_S2,0
968,15_048_S3,0
969,15_049_S1,0
970,15_049_S2,0
971,15_051_S2,0
972,15_052_S2,0
973,15_052_S3,0
974,15_053_S0,0
975,15_054_S2,0
976,15_055_S2,0
977,15_056_S1,0
978,15_056_S2,0
979,15_056_S3,0
980,15_057_S1,0
981,15_057_S2,0
982,15_058_S1,0
983,15_058_S2,0
984,15_059_S0,0
985,15_059_S2,0
986,15_060_S2,0
987,15_061_S2,0
988,15_062_S2,0
989,15_062_S3,0
990,15_063_S2,0
991,15_063_S3,0
992,15_064_S1,0
993,15_064_S3,0
994,15_066_S2,0
995,15_067_S3,0
996,15_068_S3,0
997,15_071_S2,0
998,15_073_S1,0
999,15_073_S2,0
1000,15_074_S3,0
1001,15_075_S0,0
1002,15_076_S0,0
1003,15_076_S2,0
1004,15_077_S2,0
1005,15_078_S2,0
1006,15_079_S0,0
1007,15_079_S2,0
1008,15_079_S3,0
1009,15_080_S3,0
1010,15_081_S1,0
1011,15_082_S0,0
1012,15_082_S2,0
1013,15_083_S1,0
1014,15_084_S1,0
1015,15_084_S3,0
1016,15_085_S2,0
1017,15_087_S0,0
1018,15_088_S1,0
1019,15_088_S3,0
1020,15_090_S0,0
1021,15_092_S0,0
1022,15_092_S1,0
1023,15_095_S1,0
1024,15_095_S3,0
1025,15_096_S0,0
1026,15_098_S3,0
1027,15_099_S0,0
1028,15_099_S2,0
1029,15_099_S3,0
1030,15_102_S0,0
1031,15_102_S1,0
1032,15_103_S3,0
1033,15_104_S2,0
1034,15_106_S1,0
1035,15_107_S2,0
1036,15_107_S3,0
1037,15_108_S1,0
1038,15_111_S2,0
1039,15_112_S0,0
1040,15_112_S1,0
1041,15_114_S0,0
1042,15_115_S0,0
1043,15_116_S1,0
1044,15_116_S2,0
1045,15_117_S0,0
1046,15_117_S3,0
1047,15_118_S3,0
1048,15_119_S0,0
1049,15_121_S1,0
1050,15_122_S1,0
1051,15_123_S1,0
1052,15_124_S2,0
1053,15_125_S3,0
1054,15_126_S0,0
1055,15_126_S1,0
1056,15_127_S2,0
1057,15_127_S3,0
1058,16_000_S1,0
1059,16_000_S3,0
1060,16_002_S3,0
1061,16_003_S3,0
1062,16_005_S0,0
1063,16_005_S1,0
1064,16_005_S2,0
1065,16_006_S1,0
1066,16_007_S0,0
1067,16_008_S3,0
1068,16_009_S0,0
1069,16_009_S1,0
1070,16_010_S0,0
1071,16_011_S0,0
1072,16_011_S3,0
1073,16_012_S3,0
1074,16_013_S0,0
1075,16_013_S3,0
1076,16_016_S0,0
1077,16_016_S1,0
1078,16_016_S2,0
1079,16_017_S1,0
1080,16_017_S2,0
1081,16_017_S3,0
1082,16_018_S2,0
1083,16_019_S0,0
1084,16_019_S2,0
1085,16_020_S0,0
1086,16_020_S3,0
1087,16_021_S0,0
1088,16_022_S3,0
1089,16_023_S1,0
1090,16_025_S2,0
1091,16_026_S2,0
1092,16_026_S3,0
1093,16_027_S2,0
1094,16_028_S1,0
1095,16_028_S2,0
1096,16_029_S2,0
1097,16_030_S0,0
1098,16_031_S0,0
1099,16_031_S3,0
1100,16_032_S2,0
1101,16_033_S2,0
1102,16_033_S3,0
1103,16_034_S1,0
1104,16_034_S2,0
1105,16_035_S0,0
1106,16_036_S0,0
1107,16_036_S2,0
1108,16_036_S3,0
1109,16_037_S0,0
1110,16_038_S1,0
1111,16_038_S3,0
1112,16_039_S0,0
1113,16_039_S1,0
1114,16_039_S2,0
1115,16_040_S3,0
1116,16_041_S2,0
1117,16_042_S0,0
1118,16_042_S1,0
1119,16_042_S3,0
1120,16_043_S1,0
1121,16_043_S2,0
1122,16_044_S2,0
1123,16_044_S3,0
1124,16_045_S1,0
1125,16_045_S2,0
1126,16_046_S0,0
1127,16_046_S2,0
1128,16_046_S3,0
1129,16_047_S0,0
1130,16_047_S2,0
1131,16_048_S0,0
1132,16_048_S3,0
1133,16_050_S2,0
1134,16_051_S1,0
1135,16_052_S0,0
1136,16_052_S1,0
1137,16_053_S0,0
1138,16_053_S1,0
1139,16_054_S0,0
1140,16_056_S3,0
1141,16_057_S0,0
1142,16_059_S3,0
1143,16_060_S0,0
1144,16_060_S2,0
1145,16_062_S3,0
1146,16_063_S2,0
1147,16_063_S3,0
1148,16_064_S2,0
1149,16_064_S3,0
1150,16_066_S0,0
1151,16_066_S1,0
1152,16_066_S2,0
1153,16_066_S3,0
1154,16_067_S1,0
1155,16_068_S0,0
1156,16_068_S1,0
1157,16_068_S2,0
1158,16_069_S0,0
1159,16_070_S0,0
1160,16_071_S0,0
1161,16_071_S1,0
1162,16_071_S2,0
1163,16_072_S3,0
1164,16_074_S1,0
1165,16_075_S1,0
1166,16_075_S3,0
1167,16_077_S1,0
1168,16_077_S2,0
1169,16_080_S3,0
1170,16_082_S1,0
1171,16_083_S1,0
1172,16_083_S3,0
1173,16_084_S2,0
1174,16_085_S1,0
1175,16_085_S2,0
1176,16_085_S3,0
1177,16_086_S2,0
1178,16_086_S3,0
1179,16_087_S2,0
1180,16_088_S0,0
1181,16_088_S1,0
1182,16_088_S3,0
1183,16_089_S0,0
1184,16_090_S2,0
1185,16_091_S3,0
1186,16_092_S0,0
1187,16_092_S1,0
1188,16_092_S2,0
1189,16_094_S0,0
1190,16_094_S1,0
1191,16_095_S0,0
1192,16_095_S1,0
1193,16_096_S1,0
1194,16_097_S1,0
1195,16_097_S2,0
1196,16_098_S3,0
1197,16_099_S0,0
1198,16_100_S0,0
1199,16_102_S0,0
1200,16_102_S2,0
1201,16_102_S3,0
1202,16_103_S0,0
1203,16_103_S3,0
1204,16_104_S3,0
1205,16_105_S0,0
1206,16_105_S2,0
1207,16_106_S0,0
1208,16_107_S2,0
1209,16_108_S0,0
1210,16_111_S0,0
1211,16_111_S1,0
1212,16_112_S0,0
1213,16_112_S1,0
1214,16_112_S2,0
1215,16_113_S1,0
1216,16_113_S3,0
1217,16_114_S2,0
1218,16_115_S2,0
1219,16_116_S1,0
1220,16_116_S2,0
1221,16_117_S2,0
1222,16_118_S0,0
1223,16_118_S1,0
1224,16_119_S1,0
1225,16_119_S3,0
1226,16_120_S3,0
1227,16_122_S1,0
1228,16_123_S1,0
1229,16_124_S3,0
1230,16_125_S1,0
1231,16_125_S3,0
1232,16_126_S1,0
1233,16_127_S1,0
1234,17_003_S3,0
1235,17_004_S0,0
1236,17_005_S0,0
1237,17_007_S0,0
1238,17_007_S1,0
1239,17_007_S2,0
1240,17_008_S2,0
1241,17_010_S1,0
1242,17_011_S0,0
1243,17_011_S1,0
1244,17_011_S3,0
1245,17_012_S3,0
1246,17_013_S1,0
1247,17_013_S2,0
1248,17_013_S3,0
1249,17_014_S0,0
1250,17_016_S1,0
1251,17_017_S3,0
1252,17_018_S0,0
1253,17_018_S3,0
1254,17_024_S0,0
1255,17_028_S2,0
1256,17_029_S1,0
1257,17_029_S3,0
1258,17_030_S0,0
1259,17_030_S2,0
1260,17_030_S3,0
1261,17_032_S0,0
1262,17_032_S2,0
1263,17_033_S0,0
1264,17_034_S0,0
1265,17_034_S3,0
1266,17_035_S0,0
1267,17_037_S2,0
1268,17_038_S0,0
1269,17_039_S1,0
1270,17_041_S3,0
1271,17_042_S0,0
1272,17_042_S1,0
1273,17_045_S1,0
1274,17_046_S0,0
1275,17_047_S2,0
1276,17_047_S3,0
1277,17_048_S0,0
1278,17_049_S0,0
1279,17_049_S3,0
1280,17_050_S1,0
1281,17_052_S2,0
1282,17_053_S2,0
1283,17_055_S0,0
1284,17_055_S2,0
1285,17_055_S3,0
1286,17_056_S0,0
1287,17_057_S0,0
1288,17_063_S0,0
1289,17_063_S3,0
1290,17_064_S0,0
1291,17_064_S1,0
1292,17_066_S2,0
1293,17_067_S0,0
1294,17_067_S1,0
1295,17_067_S2,0
1296,17_067_S3,0
1297,17_068_S0,0
1298,17_068_S2,0
1299,17_070_S1,0
1300,17_070_S2,0
1301,17_070_S3,0
1302,17_072_S1,0
1303,17_072_S2,0
1304,17_074_S1,0
1305,17_075_S3,0
1306,17_076_S0,0
1307,17_076_S3,0
1308,17_077_S0,0
1309,17_077_S2,0
1310,17_078_S3,0
1311,17_079_S3,0
1312,17_081_S0,0
1313,17_083_S1,0
1314,17_083_S2,0
1315,17_084_S0,0
1316,17_084_S2,0
1317,17_084_S3,0
1318,17_085_S3,0
1319,17_086_S0,0
1320,17_087_S3,0
1321,17_088_S1,0
1322,17_088_S2,0
1323,17_088_S3,0
1324,17_089_S3,0
1325,17_091_S1,0
1326,17_092_S2,0
1327,17_093_S3,0
1328,17_097_S2,0
1329,17_098_S1,0
1330,17_100_S2,0
1331,17_101_S1,0
1332,17_101_S3,0
1333,17_102_S0,0
1334,17_103_S2,0
1335,17_104_S2,0
1336,17_104_S3,0
1337,17_105_S3,0
1338,17_106_S0,0
1339,17_107_S0,0
1340,17_107_S1,0
1341,17_108_S1,0
1342,17_109_S1,0
1343,17_110_S1,0
1344,17_111_S1,0
1345,17_111_S2,0
1346,17_111_S3,0
1347,17_112_S1,0
1348,17_112_S3,0
1349,17_113_S0,0
1350,17_113_S1,0
1351,17_113_S3,0
1352,17_114_S1,0
1353,17_115_S1,0
1354,17_116_S1,0
1355,17_117_S0,0
1356,17_118_S1,0
1357,17_120_S0,0
1358,17_120_S3,0
1359,17_124_S3,0
1360,17_125_S2,0
1361,17_125_S3,0
1362,17_126_S0,0
1363,17_126_S1,0
1364,17_127_S0,0
1365,18_000_S1,0
1366,18_001_S1,0
1367,18_002_S1,0
1368,18_003_S0,0
1369,18_003_S1,0
1370,18_006_S2,0
1371,18_007_S0,0
1372,18_007_S3,0
1373,18_008_S1,0
1374,18_009_S0,0
1375,18_009_S1,0
1376,18_010_S3,0
1377,18_011_S1,0
1378,18_011_S3,0
1379,18_012_S1,0
1380,18_013_S1,0
1381,18_013_S2,0
1382,18_015_S1,0
1383,18_016_S2,0
1384,18_017_S0,0
1385,18_020_S0,0
1386,18_021_S2,0
1387,18_022_S0,0
1388,18_022_S1,0
1389,18_022_S2,0
1390,18_024_S2,0
1391,18_026_S3,0
1392,18_027_S2,0
1393,18_027_S3,0
1394,18_028_S2,0
1395,18_028_S3,0
1396,18_029_S0,0
1397,18_029_S1,0
1398,18_030_S1,0
1399,18_031_S2,0
1400,18_033_S2,0
1401,18_034_S0,0
1402,18_034_S1,0
1403,18_035_S0,0
1404,18_035_S1,0
1405,18_038_S1,0
1406,18_038_S3,0
1407,18_039_S1,0
1408,18_040_S2,0
1409,18_043_S0,0
1410,18_043_S1,0
1411,18_044_S2,0
1412,18_045_S1,0
1413,18_045_S2,0
1414,18_046_S2,0
1415,18_047_S0,0
1416,18_048_S2,0
1417,18_049_S2,0
1418,18_050_S3,0
1419,18_051_S2,0
1420,18_052_S2,0
1421,18_053_S1,0
1422,18_054_S1,0
1423,18_055_S0,0
1424,18_055_S1,0
1425,18_056_S0,0
1426,18_056_S2,0
1427,18_057_S3,0
1428,18_058_S1,0
1429,18_059_S1,0
1430,18_060_S2,0
1431,18_061_S1,0
1432,18_062_S0,0
1433,18_062_S1,0
1434,18_062_S3,0
1435,18_063_S0,0
1436,18_063_S3,0
1437,18_064_S0,0
1438,18_064_S1,0
1439,18_064_S2,0
1440,18_065_S2,0
1441,18_066_S1,0
1442,18_066_S2,0
1443,18_067_S1,0
1444,18_067_S3,0
1445,18_068_S2,0
1446,18_069_S3,0
1447,18_070_S0,0
1448,18_071_S1,0
1449,18_071_S2,0
1450,18_072_S1,0
1451,18_072_S2,0
1452,18_073_S0,0
1453,18_073_S1,0
1454,18_075_S0,0
1455,18_075_S2,0
1456,18_076_S3,0
1457,18_077_S1,0
1458,18_077_S2,0
1459,18_077_S3,0
1460,18_078_S2,0
1461,18_078_S3,0
1462,18_079_S1,0
1463,18_079_S3,0
1464,18_081_S3,0
1465,18_082_S0,0
1466,18_082_S1,0
1467,18_082_S2,0
1468,18_084_S1,0
1469,18_084_S2,0
1470,18_085_S2,0
1471,18_086_S3,0
1472,18_087_S0,0
1473,18_087_S2,0
1474,18_088_S0,0
1475,18_088_S1,0
1476,18_089_S0,0
1477,18_089_S3,0
1478,18_090_S0,0
1479,18_090_S1,0
1480,18_091_S0,0
1481,18_091_S1,0
1482,18_092_S0,0
1483,18_092_S1,0
1484,18_093_S0,0
1485,18_093_S2,0
1486,18_094_S0,0
1487,18_094_S1,0
1488,18_094_S3,0
1489,18_095_S0,0
1490,18_096_S2,0
1491,18_097_S2,0
1492,18_098_S0,0
1493,18_098_S2,0
1494,18_099_S3,0
1495,18_100_S1,0
1496,18_100_S2,0
1497,18_102_S2,0
1498,18_103_S2,0
1499,18_104_S1,0
1500,18_105_S1,0
1501,18_106_S1,0
1502,18_107_S0,0
1503,18_107_S2,0
1504,18_108_S0,0
1505,18_108_S2,0
1506,18_108_S3,0
1507,18_109_S1,0
1508,18_110_S2,0
1509,18_110_S3,0
1510,18_111_S1,0
1511,18_112_S2,0
1512,18_113_S2,0
1513,18_113_S3,0
1514,18_114_S3,0
1515,18_115_S0,0
1516,18_115_S2,0
1517,18_115_S3,0
1518,18_116_S0,0
1519,18_116_S2,0
1520,18_117_S1,0
1521,18_118_S2,0
1522,18_119_S1,0
1523,18_119_S3,0
1524,18_120_S1,0
1525,18_124_S0,0
1526,18_125_S1,0
1527,18_126_S0,0
1528,18_127_S2,0
1529,19_000_S0,0
1530,19_000_S2,0
1531,19_002_S1,0
1532,19_003_S0,0
1533,19_003_S1,0
1534,19_003_S3,0
1535,19_004_S0,0
1536,19_007_S1,0
1537,19_008_S1,0
1538,19_009_S3,0
1539,19_010_S0,0
1540,19_012_S0,0
1541,19_013_S0,0
1542,19_013_S3,0
1543,19_014_S0,0
1544,19_014_S1,0
1545,19_014_S2,0
1546,19_014_S3,0
1547,19_018_S1,0
1548,19_018_S2,0
1549,19_020_S3,0
1550,19_022_S3,0
1551,19_023_S0,0
1552,19_023_S3,0
1553,19_024_S1,0
1554,19_024_S2,0
1555,19_026_S3,0
1556,19_027_S2,0
1557,19_028_S3,0
1558,19_029_S1,0
1559,19_029_S3,0
1560,19_030_S2,0
1561,19_031_S3,0
1562,19_032_S3,0
1563,19_033_S0,0
1564,19_033_S1,0
1565,19_033_S2,0
1566,19_034_S1,0
1567,19_035_S1,0
1568,19_035_S2,0
1569,19_035_S3,0
1570,19_036_S1,0
1571,19_036_S3,0
1572,19_037_S0,0
1573,19_037_S2,0
1574,19_037_S3,0
1575,19_038_S3,0
1576,19_039_S3,0
1577,19_040_S0,0
1578,19_040_S2,0
1579,19_040_S3,0
1580,19_046_S3,0
1581,19_047_S0,0
1582,19_047_S2,0
1583,19_048_S2,0
1584,19_049_S3,0
1585,19_050_S0,0
1586,19_050_S3,0
1587,19_051_S2,0
1588,19_052_S1,0
1589,19_052_S2,0
1590,19_054_S3,0
1591,19_055_S0,0
1592,19_055_S2,0
1593,19_057_S1,0
1594,19_058_S0,0
1595,19_058_S2,0
1596,19_059_S1,0
1597,19_060_S0,0
1598,19_060_S1,0
1599,19_061_S3,0
1600,19_062_S3,0
1601,19_063_S3,0
1602,19_064_S1,0
1603,19_065_S0,0
1604,19_067_S0,0
1605,19_067_S3,0
1606,19_069_S1,0
1607,19_069_S2,0
1608,19_069_S3,0
1609,19_070_S0,0
1610,19_071_S3,0
1611,19_072_S0,0
1612,19_074_S3,0
1613,19_076_S1,0
1614,19_077_S0,0
1615,19_079_S3,0
1616,19_080_S2,0
1617,19_080_S3,0
1618,19_082_S3,0
1619,19_085_S0,0
1620,19_086_S2,0
1621,19_087_S0,0
1622,19_087_S3,0
1623,19_088_S1,0
1624,19_089_S0,0
1625,19_089_S3,0
1626,19_090_S0,0
1627,19_090_S2,0
1628,19_091_S3,0
1629,19_092_S1,0
1630,19_095_S2,0
1631,19_095_S3,0
1632,19_096_S3,0
1633,19_097_S1,0
1634,19_098_S2,0
1635,19_098_S3,0
1636,19_099_S3,0
1637,19_101_S1,0
1638,19_104_S0,0
1639,19_104_S2,0
1640,19_104_S3,0
1641,19_105_S2,0
1642,19_106_S0,0
1643,19_106_S1,0
1644,19_108_S1,0
1645,19_109_S0,0
1646,19_110_S3,0
1647,19_111_S2,0
1648,19_111_S3,0
1649,19_113_S0,0
1650,19_113_S1,0
1651,19_114_S3,0
1652,19_115_S1,0
1653,19_116_S1,0
1654,19_117_S0,0
1655,19_117_S1,0
1656,19_117_S3,0
1657,19_118_S1,0
1658,19_119_S1,0
1659,19_120_S3,0
1660,19_121_S0,0
1661,19_121_S3,0
1662,19_122_S0,0
1663,19_122_S1,0
1664,19_123_S0,0
1665,19_123_S2,0
1666,19_124_S1,0
1667,19_125_S1,0
1668,19_126_S1,0
1669,19_126_S3,0
1670,19_127_S0,0
1671,19_127_S3,0
1672,1_000_S3,0
1673,1_001_S1,0
1674,1_001_S3,0
1675,1_002_S0,0
1676,1_002_S3,0
1677,1_004_S0,0
1678,1_004_S3,0
1679,1_005_S0,0
1680,1_006_S3,0
1681,1_007_S2,0
1682,1_010_S3,0
1683,1_011_S3,0
1684,1_012_S0,0
1685,1_013_S1,0
1686,1_013_S3,0
1687,1_014_S3,0
1688,1_016_S2,0
1689,1_017_S1,0
1690,1_018_S0,0
1691,1_020_S0,0
1692,1_020_S1,0
1693,1_021_S0,0
1694,1_022_S0,1
1695,1_023_S0,0
1696,1_025_S0,0
1697,1_025_S1,0
1698,1_025_S2,1
1699,1_025_S3,1
1700,1_027_S2,1
1701,1_029_S2,1
1702,1_030_S3,1
1703,1_031_S2,1
1704,1_032_S2,1
1705,1_032_S3,1
1706,1_033_S0,0
1707,1_034_S3,1
1708,1_035_S0,0
1709,1_035_S1,0
1710,1_035_S3,1
1711,1_039_S0,0
1712,1_040_S2,0
1713,1_041_S1,0
1714,1_042_S2,0
1715,1_042_S3,0
1716,1_044_S0,0
1717,1_044_S1,0
1718,1_044_S3,0
1719,1_045_S0,0
1720,1_046_S0,0
1721,1_046_S3,0
1722,1_048_S0,0
1723,1_048_S1,0
1724,1_048_S2,0
1725,1_049_S0,0
1726,1_049_S2,0
1727,1_050_S2,0
1728,1_051_S0,0
1729,1_052_S1,0
1730,1_053_S2,0
1731,1_054_S3,0
1732,1_055_S1,0
1733,1_055_S2,0
1734,1_057_S0,0
1735,1_057_S2,0
1736,1_057_S3,0
1737,1_058_S1,0
1738,1_058_S3,0
1739,1_059_S0,0
1740,1_059_S3,0
1741,1_060_S2,0
1742,1_062_S1,0
1743,1_063_S2,0
1744,1_063_S3,0
1745,1_065_S1,0
1746,1_066_S0,0
1747,1_066_S2,0
1748,1_067_S3,0
1749,1_068_S1,0
1750,1_068_S2,0
1751,1_070_S0,0
1752,1_071_S3,0
1753,1_072_S3,0
1754,1_073_S1,0
1755,1_074_S1,0
1756,1_075_S0,0
1757,1_075_S3,0
1758,1_076_S0,0
1759,1_076_S3,0
1760,1_077_S0,0
1761,1_078_S1,0
1762,1_078_S3,0
1763,1_080_S0,0
1764,1_080_S3,0
1765,1_081_S0,0
1766,1_081_S1,0
1767,1_082_S0,0
1768,1_082_S1,0
1769,1_083_S2,0
1770,1_084_S0,0
1771,1_084_S3,0
1772,1_085_S0,0
1773,1_085_S3,0
1774,1_086_S1,0
1775,1_087_S2,0
1776,1_090_S2,0
1777,1_091_S0,0
1778,1_091_S1,0
1779,1_091_S2,0
1780,1_091_S3,0
1781,1_092_S0,0
1782,1_093_S0,0
1783,1_093_S1,0
1784,1_094_S2,0
1785,1_095_S0,0
1786,1_095_S3,0
1787,1_096_S0,0
1788,1_096_S2,0
1789,1_098_S1,0
1790,1_098_S2,0
1791,1_099_S0,0
1792,1_100_S2,0
1793,1_101_S1,0
1794,1_101_S2,0
1795,1_101_S3,0
1796,1_102_S0,0
1797,1_102_S2,0
1798,1_103_S2,0
1799,1_103_S3,0
1800,1_104_S1,0
1801,1_105_S1,0
1802,1_106_S1,0
1803,1_106_S3,0
1804,1_108_S0,0
1805,1_109_S3,0
1806,1_110_S2,0
1807,1_110_S3,0
1808,1_111_S0,0
1809,1_111_S1,0
1810,1_111_S2,0
1811,1_111_S3,0
1812,1_112_S1,0
1813,1_113_S2,0
1814,1_114_S3,0
1815,1_115_S0,0
1816,1_116_S0,0
1817,1_116_S3,0
1818,1_117_S2,0
1819,1_119_S1,0
1820,1_119_S2,0
1821,1_120_S0,0
1822,1_120_S1,0
1823,1_120_S2,0
1824,1_121_S3,0
1825,1_122_S1,0
1826,1_123_S0,0
1827,1_125_S2,0
1828,20_000_S0,0
1829,20_000_S3,0
1830,20_001_S0,0
1831,20_001_S3,0
1832,20_002_S3,0
1833,20_003_S1,0
1834,20_003_S3,0
1835,20_004_S3,0
1836,20_005_S2,0
1837,20_006_S2,0
1838,20_007_S0,0
1839,20_008_S3,0
1840,20_009_S0,0
1841,20_010_S2,0
1842,20_011_S1,0
1843,20_012_S1,0
1844,20_012_S2,0
1845,20_012_S3,0
1846,20_013_S2,0
1847,20_016_S1,0
1848,20_017_S1,0
1849,20_017_S2,0
1850,20_017_S3,0
1851,20_019_S2,0
1852,20_020_S0,0
1853,20_021_S1,0
1854,20_022_S3,0
1855,20_023_S1,0
1856,20_023_S3,0
1857,20_024_S0,0
1858,20_025_S0,0
1859,20_025_S1,0
1860,20_027_S0,0
1861,20_027_S1,0
1862,20_027_S2,0
1863,20_027_S3,0
1864,20_029_S3,0
1865,20_030_S0,0
1866,20_030_S2,0
1867,20_031_S2,0
1868,20_034_S2,0
1869,20_035_S0,0
1870,20_037_S2,0
1871,20_038_S2,0
1872,20_039_S3,0
1873,20_040_S0,0
1874,20_040_S2,0
1875,20_042_S3,0
1876,20_043_S2,0
1877,20_043_S3,0
1878,20_044_S3,0
1879,20_045_S3,0
1880,20_046_S1,0
1881,20_049_S3,0
1882,20_050_S2,0
1883,20_051_S0,0
1884,20_051_S2,0
1885,20_051_S3,0
1886,20_053_S3,0
1887,20_055_S1,0
1888,20_056_S3,0
1889,20_057_S3,0
1890,20_058_S2,0
1891,20_059_S2,0
1892,20_059_S3,0
1893,20_061_S0,0
1894,20_062_S2,0
1895,20_062_S3,0
1896,20_064_S2,0
1897,20_065_S2,0
1898,20_067_S1,0
1899,20_069_S1,0
1900,20_070_S1,0
1901,20_070_S3,0
1902,20_071_S2,0
1903,20_073_S3,0
1904,20_074_S0,0
1905,20_074_S3,0
1906,20_075_S1,0
1907,20_075_S3,0
1908,20_076_S3,0
1909,20_077_S0,0
1910,20_077_S1,0
1911,20_078_S0,0
1912,20_078_S1,0
1913,20_078_S2,0
1914,20_079_S0,0
1915,20_079_S3,0
1916,20_080_S3,0
1917,20_081_S2,0
1918,20_082_S1,0
1919,20_083_S0,0
1920,20_084_S2,0
1921,20_085_S0,0
1922,20_085_S1,0
1923,20_085_S2,0
1924,20_086_S1,0
1925,20_087_S1,0
1926,20_088_S0,0
1927,20_088_S1,0
1928,20_090_S0,0
1929,20_090_S2,0
1930,20_091_S0,0
1931,20_091_S1,0
1932,20_092_S0,0
1933,20_092_S3,0
1934,20_093_S1,0
1935,20_094_S0,0
1936,20_095_S1,0
1937,20_095_S2,0
1938,20_095_S3,0
1939,20_096_S0,0
1940,20_096_S2,0
1941,20_098_S0,0
1942,20_098_S1,0
1943,20_098_S3,0
1944,20_099_S1,0
1945,20_100_S3,0
1946,20_101_S0,0
1947,20_101_S2,0
1948,20_101_S3,0
1949,20_102_S0,0
1950,20_102_S2,0
1951,20_103_S3,0
1952,20_104_S3,0
1953,20_105_S0,0
1954,20_106_S1,0
1955,20_108_S1,0
1956,20_108_S2,0
1957,20_109_S0,0
1958,20_110_S1,0
1959,20_110_S2,0
1960,20_113_S0,0
1961,20_113_S3,0
1962,20_114_S2,0
1963,20_116_S2,0
1964,20_117_S0,0
1965,20_117_S1,0
1966,20_117_S2,0
1967,20_118_S0,0
1968,20_118_S1,0
1969,20_118_S3,0
1970,20_119_S1,0
1971,20_120_S2,0
1972,20_121_S2,0
1973,20_121_S3,0
1974,20_122_S0,0
1975,20_122_S2,0
1976,20_123_S2,0
1977,20_124_S2,0
1978,20_125_S0,0
1979,20_126_S0,0
1980,20_126_S1,0
1981,20_126_S2,0
1982,20_127_S0,0
1983,21_001_S3,1
1984,21_002_S3,0
1985,21_003_S0,1
1986,21_003_S3,0
1987,21_004_S1,1
1988,21_004_S2,0
1989,21_005_S1,1
1990,21_006_S3,0
1991,21_007_S2,0
1992,21_008_S1,0
1993,21_008_S2,0
1994,21_008_S3,0
1995,21_009_S0,0
1996,21_009_S1,0
1997,21_009_S2,0
1998,21_010_S1,0
1999,21_012_S1,0
2000,21_012_S2,0
2001,21_013_S0,0
2002,21_013_S1,0
2003,21_013_S3,0
2004,21_014_S0,0
2005,21_014_S1,0
2006,21_015_S2,0
2007,21_015_S3,0
2008,21_016_S0,0
2009,21_016_S2,0
2010,21_017_S2,0
2011,21_018_S0,0
2012,21_019_S0,0
2013,21_019_S1,0
2014,21_020_S0,0
2015,21_020_S3,0
2016,21_021_S1,0
2017,21_022_S0,0
2018,21_022_S3,0
2019,21_024_S3,0
2020,21_025_S0,0
2021,21_025_S2,0
2022,21_025_S3,0
2023,21_026_S0,0
2024,21_028_S1,0
2025,21_029_S1,0
2026,21_029_S2,0
2027,21_029_S3,0
2028,21_030_S0,0
2029,21_032_S0,0
2030,21_032_S1,0
2031,21_032_S3,0
2032,21_033_S0,0
2033,21_033_S1,0
2034,21_035_S1,0
2035,21_038_S0,0
2036,21_040_S1,0
2037,21_040_S2,0
2038,21_041_S0,0
2039,21_042_S0,0
2040,21_042_S2,0
2041,21_042_S3,0
2042,21_043_S2,0
2043,21_044_S0,0
2044,21_045_S1,0
2045,21_046_S0,0
2046,21_047_S0,0
2047,21_047_S3,0
2048,21_048_S1,0
2049,21_048_S2,0
2050,21_049_S0,0
2051,21_049_S1,0
2052,21_050_S1,0
2053,21_051_S0,0
2054,21_052_S2,0
2055,21_052_S3,0
2056,21_054_S1,0
2057,21_057_S0,0
2058,21_057_S2,0
2059,21_057_S3,0
2060,21_061_S0,0
2061,21_061_S2,0
2062,21_061_S3,0
2063,21_062_S2,0
2064,21_063_S0,0
2065,21_063_S1,0
2066,21_063_S3,0
2067,21_064_S1,0
2068,21_064_S3,0
2069,21_065_S3,0
2070,21_066_S1,0
2071,21_068_S0,0
2072,21_068_S3,0
2073,21_069_S3,0
2074,21_070_S1,0
2075,21_071_S1,0
2076,21_071_S2,0
2077,21_071_S3,0
2078,21_073_S0,0
2079,21_073_S1,0
2080,21_074_S1,0
2081,21_074_S2,0
2082,21_075_S0,0
2083,21_077_S1,0
2084,21_077_S3,0
2085,21_078_S1,0
2086,21_079_S2,0
2087,21_080_S0,0
2088,21_080_S1,0
2089,21_080_S2,0
2090,21_081_S0,0
2091,21_081_S1,0
2092,21_082_S3,0
2093,21_084_S0,0
2094,21_084_S1,0
2095,21_084_S3,0
2096,21_085_S2,0
2097,21_086_S1,0
2098,21_087_S0,0
2099,21_087_S1,0
2100,21_087_S3,0
2101,21_089_S1,0
2102,21_090_S0,0
2103,21_091_S0,0
2104,21_092_S1,0
2105,21_093_S2,0
2106,21_094_S0,0
2107,21_095_S2,0
2108,21_095_S3,0
2109,21_096_S1,0
2110,21_097_S2,0
2111,21_098_S1,0
2112,21_099_S1,0
2113,21_099_S2,0
2114,21_100_S2,0
2115,21_101_S1,0
2116,21_103_S0,0
2117,21_103_S2,0
2118,21_103_S3,0
2119,21_105_S1,0
2120,21_110_S1,0
2121,21_110_S3,0
2122,21_111_S2,0
2123,21_112_S0,0
2124,21_112_S2,0
2125,21_112_S3,0
2126,21_113_S1,0
2127,21_114_S2,0
2128,21_115_S2,0
2129,21_116_S2,0
2130,21_117_S1,0
2131,21_117_S3,0
2132,21_118_S0,0
2133,21_118_S1,0
2134,21_118_S3,0
2135,21_119_S1,0
2136,21_120_S3,0
2137,21_122_S0,0
2138,21_123_S0,0
2139,21_123_S3,0
2140,21_124_S3,0
2141,21_126_S0,0
2142,21_126_S1,0
2143,21_126_S3,0
2144,21_127_S3,0
2145,22_000_S2,0
2146,22_002_S1,0
2147,22_003_S2,0
2148,22_004_S1,0
2149,22_004_S2,0
2150,22_005_S2,0
2151,22_007_S2,0
2152,22_008_S0,0
2153,22_008_S1,0
2154,22_008_S3,0
2155,22_010_S0,0
2156,22_011_S1,0
2157,22_011_S2,0
2158,22_012_S2,0
2159,22_014_S1,0
2160,22_014_S2,0
2161,22_014_S3,0
2162,22_015_S2,0
2163,22_016_S0,0
2164,22_016_S3,0
2165,22_017_S1,0
2166,22_017_S2,0
2167,22_020_S2,0
2168,22_021_S0,0
2169,22_021_S3,0
2170,22_022_S0,0
2171,22_022_S3,0
2172,22_023_S0,0
2173,22_023_S2,0
2174,22_023_S3,0
2175,22_024_S2,0
2176,22_024_S3,0
2177,22_025_S2,0
2178,22_026_S2,0
2179,22_027_S0,0
2180,22_027_S2,0
2181,22_028_S2,0
2182,22_029_S1,0
2183,22_029_S2,0
2184,22_029_S3,0
2185,22_030_S2,0
2186,22_031_S2,0
2187,22_032_S0,0
2188,22_032_S3,0
2189,22_033_S0,0
2190,22_035_S1,0
2191,22_035_S3,0
2192,22_036_S0,0
2193,22_037_S0,0
2194,22_037_S3,0
2195,22_038_S3,0
2196,22_040_S1,0
2197,22_040_S3,0
2198,22_042_S1,0
2199,22_042_S3,0
2200,22_043_S1,0
2201,22_043_S3,0
2202,22_044_S0,0
2203,22_044_S2,0
2204,22_045_S0,0
2205,22_045_S3,0
2206,22_046_S0,0
2207,22_046_S1,0
2208,22_046_S3,0
2209,22_047_S2,0
2210,22_047_S3,0
2211,22_048_S0,0
2212,22_048_S2,0
2213,22_049_S0,0
2214,22_049_S1,0
2215,22_049_S2,0
2216,22_053_S0,0
2217,22_054_S0,0
2218,22_057_S3,0
2219,22_058_S0,0
2220,22_059_S0,0
2221,22_060_S0,0
2222,22_060_S2,0
2223,22_060_S3,0
2224,22_061_S1,0
2225,22_062_S1,0
2226,22_063_S3,0
2227,22_065_S0,0
2228,22_066_S1,0
2229,22_067_S2,0
2230,22_068_S0,0
2231,22_068_S2,0
2232,22_069_S1,0
2233,22_069_S3,0
2234,22_070_S0,0
2235,22_072_S0,0
2236,22_072_S2,0
2237,22_072_S3,0
2238,22_073_S0,0
2239,22_075_S0,0
2240,22_076_S3,0
2241,22_077_S0,0
2242,22_077_S1,0
2243,22_077_S2,0
2244,22_077_S3,0
2245,22_079_S0,0
2246,22_079_S1,0
2247,22_080_S2,0
2248,22_081_S2,0
2249,22_082_S1,0
2250,22_082_S2,0
2251,22_083_S0,0
2252,22_083_S1,0
2253,22_084_S2,0
2254,22_085_S0,0
2255,22_085_S1,0
2256,22_086_S1,0
2257,22_086_S2,0
2258,22_086_S3,0
2259,22_087_S0,0
2260,22_087_S1,0
2261,22_088_S1,0
2262,22_089_S0,0
2263,22_089_S1,0
2264,22_091_S2,0
2265,22_092_S1,0
2266,22_093_S0,0
2267,22_093_S1,0
2268,22_093_S3,0
2269,22_096_S2,0
2270,22_098_S0,0
2271,22_098_S1,0
2272,22_098_S2,0
2273,22_099_S0,0
2274,22_099_S1,0
2275,22_100_S2,0
2276,22_101_S0,0
2277,22_102_S3,0
2278,22_103_S0,0
2279,22_103_S1,0
2280,22_103_S2,0
2281,22_104_S1,0
2282,22_104_S3,0
2283,22_105_S2,0
2284,22_105_S3,0
2285,22_106_S0,0
2286,22_106_S1,0
2287,22_106_S2,0
2288,22_106_S3,0
2289,22_107_S1,0
2290,22_108_S0,0
2291,22_109_S0,0
2292,22_109_S1,0
2293,22_110_S0,0
2294,22_110_S3,0
2295,22_111_S0,0
2296,22_111_S3,0
2297,22_112_S2,0
2298,22_113_S0,0
2299,22_113_S1,0
2300,22_115_S1,0
2301,22_116_S2,0
2302,22_118_S0,0
2303,22_119_S2,0
2304,22_119_S3,0
2305,22_120_S1,0
2306,22_121_S0,0
2307,22_121_S2,0
2308,22_122_S0,0
2309,22_125_S0,0
2310,22_125_S2,0
2311,22_125_S3,0
2312,22_126_S0,0
2313,22_127_S0,0
2314,22_127_S3,0
2315,23_000_S2,0
2316,23_001_S0,0
2317,23_002_S0,0
2318,23_003_S1,0
2319,23_003_S2,0
2320,23_004_S0,0
2321,23_005_S1,0
2322,23_005_S3,0
2323,23_006_S1,0
2324,23_006_S2,0
2325,23_006_S3,0
2326,23_007_S1,0
2327,23_008_S1,0
2328,23_009_S0,0
2329,23_009_S3,0
2330,23_012_S0,0
2331,23_012_S2,0
2332,23_014_S0,0
2333,23_014_S1,0
2334,23_014_S2,0
2335,23_016_S2,0
2336,23_018_S2,0
2337,23_018_S3,0
2338,23_019_S1,0
2339,23_019_S2,0
2340,23_020_S0,0
2341,23_021_S0,0
2342,23_022_S1,0
2343,23_023_S0,0
2344,23_024_S2,0
2345,23_025_S3,0
2346,23_026_S1,0
2347,23_027_S0,0
2348,23_029_S3,0
2349,23_030_S0,0
2350,23_030_S3,0
2351,23_032_S2,0
2352,23_032_S3,0
2353,23_033_S1,0
2354,23_033_S2,0
2355,23_034_S2,0
2356,23_034_S3,0
2357,23_035_S0,0
2358,23_035_S1,0
2359,23_036_S2,0
2360,23_037_S3,0
2361,23_038_S3,0
2362,23_039_S2,0
2363,23_040_S0,0
2364,23_040_S1,0
2365,23_043_S1,0
2366,23_045_S1,0
2367,23_045_S3,0
2368,23_046_S3,0
2369,23_050_S3,0
2370,23_051_S1,0
2371,23_052_S1,0
2372,23_053_S2,0
2373,23_053_S3,0
2374,23_054_S2,0
2375,23_054_S3,0
2376,23_055_S3,0
2377,23_056_S0,0
2378,23_057_S0,0
2379,23_058_S1,0
2380,23_058_S3,0
2381,23_059_S1,0
2382,23_060_S0,0
2383,23_062_S2,0
2384,23_063_S1,0
2385,23_063_S3,0
2386,23_064_S1,0
2387,23_064_S3,0
2388,23_065_S3,0
2389,23_066_S0,0
2390,23_066_S1,0
2391,23_067_S0,0
2392,23_067_S2,0
2393,23_067_S3,0
2394,23_068_S3,0
2395,23_069_S2,0
2396,23_070_S0,0
2397,23_071_S1,0
2398,23_072_S0,0
2399,23_072_S2,0
2400,23_074_S2,0
2401,23_075_S2,0
2402,23_076_S3,0
2403,23_077_S0,0
2404,23_077_S3,0
2405,23_078_S0,0
2406,23_079_S2,0
2407,23_079_S3,0
2408,23_080_S3,0
2409,23_082_S1,0
2410,23_084_S0,0
2411,23_084_S1,0
2412,23_085_S0,0
2413,23_085_S1,0
2414,23_087_S2,0
2415,23_087_S3,0
2416,23_089_S0,0
2417,23_090_S0,0
2418,23_091_S2,0
2419,23_094_S0,0
2420,23_094_S3,0
2421,23_095_S0,0
2422,23_095_S1,0
2423,23_096_S3,0
2424,23_097_S2,0
2425,23_097_S3,0
2426,23_098_S3,0
2427,23_099_S0,0
2428,23_099_S1,0
2429,23_099_S3,0
2430,23_100_S0,0
2431,23_100_S1,0
2432,23_100_S3,0
2433,23_101_S3,0
2434,23_102_S3,0
2435,23_103_S1,0
2436,23_103_S2,0
2437,23_104_S0,0
2438,23_104_S3,0
2439,23_106_S2,0
2440,23_107_S0,0
2441,23_109_S1,0
2442,23_109_S2,0
2443,23_109_S3,0
2444,23_110_S2,0
2445,23_113_S2,0
2446,23_113_S3,0
2447,23_114_S2,0
2448,23_115_S0,0
2449,23_115_S3,0
2450,23_116_S3,0
2451,23_117_S0,0
2452,23_118_S0,0
2453,23_118_S2,0
2454,23_119_S0,0
2455,23_120_S1,0
2456,23_121_S2,0
2457,23_122_S0,0
2458,23_123_S1,0
2459,23_124_S2,0
2460,23_126_S1,0
2461,23_127_S2,0
2462,24_001_S0,0
2463,24_002_S0,0
2464,24_003_S2,0
2465,24_004_S3,0
2466,24_005_S2,0
2467,24_006_S3,0
2468,24_007_S0,0
2469,24_007_S1,0
2470,24_008_S0,0
2471,24_009_S0,0
2472,24_009_S2,0
2473,24_010_S2,0
2474,24_011_S1,0
2475,24_011_S2,0
2476,24_012_S2,0
2477,24_013_S0,0
2478,24_013_S2,0
2479,24_015_S1,0
2480,24_017_S2,0
2481,24_019_S1,0
2482,24_020_S2,0
2483,24_020_S3,0
2484,24_021_S0,0
2485,24_021_S1,0
2486,24_021_S2,0
2487,24_022_S2,0
2488,24_024_S1,0
2489,24_025_S1,0
2490,24_025_S2,0
2491,24_026_S2,0
2492,24_027_S2,0
2493,24_030_S0,0
2494,24_030_S3,0
2495,24_033_S3,0
2496,24_036_S2,0
2497,24_039_S2,0
2498,24_041_S1,0
2499,24_043_S2,0
2500,24_043_S3,0
2501,24_044_S0,0
2502,24_045_S0,0
2503,24_045_S2,0
2504,24_050_S0,0
2505,24_051_S2,0
2506,24_052_S1,0
2507,24_053_S1,0
2508,24_053_S3,0
2509,24_054_S1,0
2510,24_054_S3,0
2511,24_055_S1,0
2512,24_055_S3,0
2513,24_056_S1,0
2514,24_056_S3,0
2515,24_059_S3,0
2516,24_060_S0,0
2517,24_060_S3,0
2518,24_061_S0,0
2519,24_061_S1,0
2520,24_061_S2,0
2521,24_064_S0,0
2522,24_065_S0,0
2523,24_066_S1,0
2524,24_067_S1,0
2525,24_067_S2,0
2526,24_067_S3,0
2527,24_068_S2,0
2528,24_068_S3,0
2529,24_069_S2,0
2530,24_070_S1,0
2531,24_071_S1,0
2532,24_071_S2,0
2533,24_072_S0,0
2534,24_073_S2,0
2535,24_076_S3,0
2536,24_077_S2,0
2537,24_078_S1,0
2538,24_079_S0,0
2539,24_079_S3,0
2540,24_080_S0,0
2541,24_080_S1,0
2542,24_081_S0,0
2543,24_081_S1,0
2544,24_083_S1,0
2545,24_084_S1,0
2546,24_084_S3,0
2547,24_085_S2,0
2548,24_086_S3,0
2549,24_088_S0,0
2550,24_088_S3,0
2551,24_089_S1,0
2552,24_089_S2,0
2553,24_090_S0,0
2554,24_090_S2,0
2555,24_091_S3,0
2556,24_092_S0,0
2557,24_092_S1,0
2558,24_095_S3,0
2559,24_096_S1,0
2560,24_097_S1,0
2561,24_097_S2,0
2562,24_098_S0,0
2563,24_098_S1,0
2564,24_099_S1,0
2565,24_099_S3,0
2566,24_100_S0,0
2567,24_100_S1,0
2568,24_100_S2,0
2569,24_101_S0,0
2570,24_101_S3,0
2571,24_102_S2,0
2572,24_102_S3,0
2573,24_103_S3,0
2574,24_104_S2,0
2575,24_105_S1,0
2576,24_105_S2,0
2577,24_105_S3,0
2578,24_106_S1,0
2579,24_107_S0,0
2580,24_107_S2,0
2581,24_108_S1,0
2582,24_108_S2,0
2583,24_108_S3,0
2584,24_109_S1,0
2585,24_110_S0,0
2586,24_110_S1,0
2587,24_110_S3,0
2588,24_111_S1,0
2589,24_112_S2,0
2590,24_114_S1,0
2591,24_114_S2,0
2592,24_116_S2,0
2593,24_117_S0,0
2594,24_117_S2,0
2595,24_118_S1,0
2596,24_119_S0,0
2597,24_120_S0,0
2598,24_120_S1,0
2599,24_120_S3,0
2600,24_121_S2,0
2601,24_122_S2,0
2602,24_124_S0,0
2603,24_125_S0,0
2604,24_127_S2,0
2605,24_127_S3,0
2606,25_000_S1,0
2607,25_001_S3,0
2608,25_002_S0,0
2609,25_002_S1,0
2610,25_004_S1,0
2611,25_005_S0,0
2612,25_006_S0,0
2613,25_007_S0,0
2614,25_007_S1,0
2615,25_008_S2,0
2616,25_009_S1,0
2617,25_010_S1,0
2618,25_011_S1,0
2619,25_011_S2,0
2620,25_012_S1,0
2621,25_013_S2,0
2622,25_013_S3,0
2623,25_014_S0,0
2624,25_014_S2,0
2625,25_014_S3,0
2626,25_015_S1,0
2627,25_017_S1,0
2628,25_017_S2,0
2629,25_018_S2,0
2630,25_018_S3,0
2631,25_019_S1,0
2632,25_020_S1,0
2633,25_020_S2,0
2634,25_022_S0,0
2635,25_023_S1,0
2636,25_024_S3,0
2637,25_026_S0,0
2638,25_027_S0,0
2639,25_027_S1,0
2640,25_027_S3,0
2641,25_028_S0,0
2642,25_029_S1,0
2643,25_029_S3,0
2644,25_030_S0,0
2645,25_030_S2,0
2646,25_032_S0,0
2647,25_032_S1,0
2648,25_032_S3,0
2649,25_033_S3,0
2650,25_036_S2,0
2651,25_037_S0,0
2652,25_038_S0,0
2653,25_038_S1,0
2654,25_039_S2,0
2655,25_040_S0,0
2656,25_040_S1,0
2657,25_041_S0,0
2658,25_042_S1,0
2659,25_042_S3,0
2660,25_043_S2,0
2661,25_044_S2,0
2662,25_045_S2,0
2663,25_046_S2,0
2664,25_046_S3,0
2665,25_048_S0,0
2666,25_048_S3,0
2667,25_049_S2,0
2668,25_050_S1,0
2669,25_051_S2,0
2670,25_052_S2,0
2671,25_053_S0,0
2672,25_055_S2,1
2673,25_056_S0,1
2674,25_056_S2,1
2675,25_057_S1,0
2676,25_057_S3,0
2677,25_058_S1,0
2678,25_059_S0,0
2679,25_061_S2,0
2680,25_062_S0,0
2681,25_062_S1,0
2682,25_063_S1,0
2683,25_063_S3,0
2684,25_064_S0,0
2685,25_064_S2,0
2686,25_064_S3,0
2687,25_065_S1,0
2688,25_065_S3,0
2689,25_066_S0,0
2690,25_071_S0,0
2691,25_071_S3,0
2692,25_072_S0,0
2693,25_072_S1,0
2694,25_072_S3,0
2695,25_074_S3,0
2696,25_076_S0,0
2697,25_076_S1,0
2698,25_077_S2,0
2699,25_079_S1,0
2700,25_080_S1,0
2701,25_082_S1,0
2702,25_083_S0,0
2703,25_085_S0,0
2704,25_086_S1,0
2705,25_086_S2,0
2706,25_087_S0,0
2707,25_088_S1,0
2708,25_090_S0,0
2709,25_091_S3,0
2710,25_092_S0,0
2711,25_092_S3,0
2712,25_093_S0,0
2713,25_094_S0,0
2714,25_094_S1,0
2715,25_095_S2,0
2716,25_096_S1,0
2717,25_096_S3,0
2718,25_097_S0,0
2719,25_097_S1,0
2720,25_098_S0,0
2721,25_098_S1,0
2722,25_101_S0,0
2723,25_101_S1,0
2724,25_101_S2,0
2725,25_101_S3,0
2726,25_102_S2,0
2727,25_102_S3,0
2728,25_103_S0,0
2729,25_103_S1,0
2730,25_104_S0,0
2731,25_104_S3,0
2732,25_106_S2,0
2733,25_107_S3,0
2734,25_108_S0,0
2735,25_108_S2,0
2736,25_110_S1,0
2737,25_110_S2,0
2738,25_111_S2,0
2739,25_112_S0,0
2740,25_112_S3,0
2741,25_114_S0,0
2742,25_114_S2,0
2743,25_115_S0,0
2744,25_116_S3,0
2745,25_117_S3,0
2746,25_119_S1,0
2747,25_119_S2,0
2748,25_119_S3,0
2749,25_120_S2,0
2750,25_120_S3,0
2751,25_121_S1,0
2752,25_121_S2,0
2753,25_122_S2,0
2754,25_123_S0,0
2755,25_124_S3,0
2756,25_125_S0,0
2757,25_125_S2,0
2758,25_126_S0,0
2759,25_126_S3,0
2760,25_127_S2,0
2761,26_000_S2,0
2762,26_000_S3,0
2763,26_001_S0,0
2764,26_002_S0,0
2765,26_003_S1,0
2766,26_004_S1,0
2767,26_005_S1,0
2768,26_005_S2,0
2769,26_006_S0,0
2770,26_007_S1,0
2771,26_008_S2,0
2772,26_009_S0,0
2773,26_009_S3,0
2774,26_010_S0,0
2775,26_012_S2,0
2776,26_014_S0,0
2777,26_015_S3,0
2778,26_016_S1,0
2779,26_017_S1,0
2780,26_019_S0,0
2781,26_019_S1,0
2782,26_019_S3,0
2783,26_020_S1,0
2784,26_020_S2,0
2785,26_021_S0,0
2786,26_022_S3,0
2787,26_023_S1,0
2788,26_024_S3,0
2789,26_025_S1,0
2790,26_026_S0,0
2791,26_026_S1,0
2792,26_026_S2,0
2793,26_027_S0,0
2794,26_027_S1,0
2795,26_027_S3,0
2796,26_028_S1,0
2797,26_028_S2,0
2798,26_028_S3,0
2799,26_029_S2,0
2800,26_029_S3,0
2801,26_030_S2,0
2802,26_032_S0,0
2803,26_033_S0,0
2804,26_033_S2,0
2805,26_034_S1,0
2806,26_034_S3,0
2807,26_035_S3,0
2808,26_037_S1,0
2809,26_039_S1,0
2810,26_039_S2,0
2811,26_039_S3,0
2812,26_040_S0,0
2813,26_040_S1,0
2814,26_040_S3,0
2815,26_041_S0,0
2816,26_041_S1,0
2817,26_041_S2,0
2818,26_042_S0,0
2819,26_042_S2,0
2820,26_044_S2,0
2821,26_045_S0,0
2822,26_045_S1,0
2823,26_046_S2,0
2824,26_046_S3,0
2825,26_048_S1,0
2826,26_049_S1,0
2827,26_049_S3,0
2828,26_050_S0,0
2829,26_050_S1,0
2830,26_050_S2,0
2831,26_050_S3,0
2832,26_051_S3,0
2833,26_052_S3,0
2834,26_053_S1,0
2835,26_054_S0,0
2836,26_055_S1,0
2837,26_055_S3,0
2838,26_056_S0,0
2839,26_058_S0,0
2840,26_058_S1,0
2841,26_059_S0,0
2842,26_059_S1,0
2843,26_061_S0,0
2844,26_062_S0,0
2845,26_063_S1,0
2846,26_063_S2,0
2847,26_063_S3,0
2848,26_064_S0,0
2849,26_065_S1,0
2850,26_065_S3,0
2851,26_066_S2,0
2852,26_067_S0,0
2853,26_071_S0,0
2854,26_071_S2,0
2855,26_072_S1,0
2856,26_072_S3,0
2857,26_073_S2,0
2858,26_074_S0,0
2859,26_074_S3,0
2860,26_075_S2,0
2861,26_076_S0,0
2862,26_077_S0,0
2863,26_077_S1,0
2864,26_077_S2,0
2865,26_078_S1,0
2866,26_078_S2,0
2867,26_078_S3,0
2868,26_081_S1,0
2869,26_082_S0,0
2870,26_082_S1,0
2871,26_084_S2,0
2872,26_085_S1,0
2873,26_085_S2,0
2874,26_085_S3,0
2875,26_086_S1,0
2876,26_089_S0,0
2877,26_089_S2,0
2878,26_090_S1,0
2879,26_092_S0,0
2880,26_093_S1,0
2881,26_093_S3,0
2882,26_094_S0,0
2883,26_095_S1,0
2884,26_095_S2,0
2885,26_095_S3,0
2886,26_096_S0,0
2887,26_096_S2,0
2888,26_096_S3,0
2889,26_097_S2,0
2890,26_097_S3,0
2891,26_098_S1,0
2892,26_098_S2,0
2893,26_101_S1,0
2894,26_101_S2,0
2895,26_101_S3,0
2896,26_102_S0,0
2897,26_102_S1,0
2898,26_102_S3,0
2899,26_103_S1,0
2900,26_103_S2,0
2901,26_104_S1,0
2902,26_104_S2,0
2903,26_106_S1,0
2904,26_109_S1,0
2905,26_110_S3,0
2906,26_111_S0,0
2907,26_111_S2,0
2908,26_112_S1,0
2909,26_112_S3,0
2910,26_113_S0,0
2911,26_116_S1,0
2912,26_116_S2,0
2913,26_117_S3,0
2914,26_119_S0,0
2915,26_120_S3,0
2916,26_122_S1,0
2917,26_122_S2,0
2918,26_122_S3,0
2919,26_123_S2,0
2920,26_124_S1,0
2921,26_126_S0,0
2922,26_126_S2,0
2923,26_126_S3,0
2924,27_001_S0,0
2925,27_001_S2,0
2926,27_002_S1,0
2927,27_003_S0,0
2928,27_003_S1,0
2929,27_004_S1,0
2930,27_005_S2,0
2931,27_006_S0,0
2932,27_006_S1,0
2933,27_006_S2,0
2934,27_008_S1,0
2935,27_009_S0,0
2936,27_010_S0,0
2937,27_010_S1,0
2938,27_011_S0,0
2939,27_013_S0,0
2940,27_013_S3,0
2941,27_014_S0,0
2942,27_014_S2,0
2943,27_015_S0,0
2944,27_015_S3,0
2945,27_016_S3,0
2946,27_017_S0,0
2947,27_018_S1,0
2948,27_018_S3,0
2949,27_019_S0,0
2950,27_019_S3,0
2951,27_020_S0,0
2952,27_021_S1,0
2953,27_022_S2,0
2954,27_023_S2,0
2955,27_024_S0,0
2956,27_024_S3,0
2957,27_025_S2,0
2958,27_025_S3,0
2959,27_026_S1,0
2960,27_026_S2,0
2961,27_026_S3,0
2962,27_027_S1,0
2963,27_027_S3,0
2964,27_028_S1,0
2965,27_028_S3,0
2966,27_029_S0,0
2967,27_029_S1,0
2968,27_030_S0,0
2969,27_031_S0,0
2970,27_031_S3,0
2971,27_032_S0,0
2972,27_033_S1,0
2973,27_033_S3,0
2974,27_034_S0,0
2975,27_034_S1,0
2976,27_034_S3,0
2977,27_035_S1,0
2978,27_035_S2,0
2979,27_036_S3,0
2980,27_037_S0,0
2981,27_037_S1,0
2982,27_038_S0,0
2983,27_038_S1,0
2984,27_038_S3,0
2985,27_039_S0,0
2986,27_041_S1,0
2987,27_041_S2,0
2988,27_043_S1,0
2989,27_043_S3,0
2990,27_044_S1,0
2991,27_044_S2,0
2992,27_045_S0,0
2993,27_045_S3,0
2994,27_046_S0,0
2995,27_046_S3,0
2996,27_047_S1,0
2997,27_047_S3,0
2998,27_048_S2,0
2999,27_048_S3,0
3000,27_050_S0,0
3001,27_050_S1,0
3002,27_051_S0,0
3003,27_052_S1,0
3004,27_053_S0,0
3005,27_053_S1,0
3006,27_053_S2,0
3007,27_054_S0,0
3008,27_054_S1,0
3009,27_054_S3,0
3010,27_055_S0,0
3011,27_056_S1,0
3012,27_057_S0,0
3013,27_057_S3,0
3014,27_060_S0,0
3015,27_060_S1,0
3016,27_060_S3,0
3017,27_061_S0,0
3018,27_061_S2,0
3019,27_061_S3,0
3020,27_062_S1,0
3021,27_062_S2,0
3022,27_063_S2,0
3023,27_063_S3,0
3024,27_065_S0,0
3025,27_065_S1,0
3026,27_066_S0,0
3027,27_066_S1,0
3028,27_067_S0,0
3029,27_072_S0,0
3030,27_073_S1,0
3031,27_074_S0,0
3032,27_074_S2,0
3033,27_076_S0,0
3034,27_077_S0,0
3035,27_077_S1,0
3036,27_077_S2,0
3037,27_078_S1,0
3038,27_078_S2,0
3039,27_079_S1,0
3040,27_081_S2,0
3041,27_082_S0,0
3042,27_082_S3,0
3043,27_084_S3,0
3044,27_085_S0,0
3045,27_086_S2,0
3046,27_086_S3,0
3047,27_087_S0,0
3048,27_087_S1,0
3049,27_088_S0,0
3050,27_088_S2,0
3051,27_089_S3,0
3052,27_090_S2,0
3053,27_091_S0,0
3054,27_091_S1,0
3055,27_091_S2,0
3056,27_092_S0,0
3057,27_092_S1,0
3058,27_092_S2,0
3059,27_093_S1,0
3060,27_094_S3,0
3061,27_095_S1,0
3062,27_096_S3,0
3063,27_097_S1,0
3064,27_097_S3,0
3065,27_098_S1,0
3066,27_099_S2,0
3067,27_100_S3,0
3068,27_101_S0,0
3069,27_101_S2,0
3070,27_101_S3,0
3071,27_102_S0,0
3072,27_102_S1,0
3073,27_105_S0,0
3074,27_107_S3,0
3075,27_108_S1,0
3076,27_108_S3,0
3077,27_109_S2,0
3078,27_110_S0,0
3079,27_111_S1,0
3080,27_112_S2,0
3081,27_115_S1,0
3082,27_117_S1,0
3083,27_117_S2,0
3084,27_118_S0,0
3085,27_118_S1,0
3086,27_119_S2,0
3087,27_119_S3,0
3088,27_121_S1,0
3089,27_121_S2,0
3090,27_123_S1,0
3091,27_123_S3,0
3092,27_124_S0,0
3093,27_124_S1,0
3094,27_124_S2,0
3095,27_125_S0,0
3096,27_125_S2,0
3097,28_000_S1,0
3098,28_000_S3,0
3099,28_001_S2,0
3100,28_001_S3,0
3101,28_002_S0,0
3102,28_004_S0,0
3103,28_006_S0,0
3104,28_006_S2,0
3105,28_006_S3,0
3106,28_008_S1,0
3107,28_008_S2,0
3108,28_010_S3,0
3109,28_011_S2,0
3110,28_012_S1,0
3111,28_012_S2,0
3112,28_012_S3,0
3113,28_014_S3,0
3114,28_016_S3,0
3115,28_017_S1,0
3116,28_018_S3,0
3117,28_019_S1,0
3118,28_019_S2,0
3119,28_020_S1,0
3120,28_022_S3,0
3121,28_024_S0,0
3122,28_024_S1,0
3123,28_024_S3,0
3124,28_025_S0,0
3125,28_025_S1,0
3126,28_025_S3,0
3127,28_026_S1,0
3128,28_026_S2,0
3129,28_027_S0,0
3130,28_027_S3,0
3131,28_030_S3,0
3132,28_031_S1,0
3133,28_031_S3,0
3134,28_032_S0,0
3135,28_032_S1,0
3136,28_032_S3,0
3137,28_034_S0,0
3138,28_034_S2,0
3139,28_035_S2,0
3140,28_035_S3,0
3141,28_037_S2,0
3142,28_037_S3,0
3143,28_038_S0,0
3144,28_040_S1,0
3145,28_040_S3,0
3146,28_042_S0,0
3147,28_043_S0,0
3148,28_043_S1,0
3149,28_043_S2,0
3150,28_044_S0,0
3151,28_044_S2,0
3152,28_044_S3,0
3153,28_045_S0,0
3154,28_045_S3,0
3155,28_046_S1,0
3156,28_046_S3,0
3157,28_047_S3,0
3158,28_048_S1,0
3159,28_049_S2,0
3160,28_052_S0,0
3161,28_052_S2,0
3162,28_053_S1,0
3163,28_054_S1,0
3164,28_054_S2,0
3165,28_056_S2,0
3166,28_056_S3,0
3167,28_057_S0,0
3168,28_057_S3,0
3169,28_058_S0,0
3170,28_058_S3,0
3171,28_059_S2,0
3172,28_063_S1,0
3173,28_063_S2,0
3174,28_064_S0,0
3175,28_064_S1,0
3176,28_064_S2,0
3177,28_066_S0,0
3178,28_066_S1,0
3179,28_069_S2,0
3180,28_070_S2,0
3181,28_071_S0,0
3182,28_073_S1,0
3183,28_073_S3,0
3184,28_075_S1,0
3185,28_075_S2,0
3186,28_075_S3,0
3187,28_076_S0,0
3188,28_077_S0,0
3189,28_077_S1,0
3190,28_078_S2,0
3191,28_078_S3,0
3192,28_079_S1,0
3193,28_079_S3,0
3194,28_080_S2,0
3195,28_081_S2,0
3196,28_082_S2,0
3197,28_083_S0,0
3198,28_083_S2,0
3199,28_084_S3,0
3200,28_085_S0,0
3201,28_085_S3,0
3202,28_086_S2,0
3203,28_090_S1,0
3204,28_090_S2,0
3205,28_093_S0,0
3206,28_093_S2,0
3207,28_093_S3,0
3208,28_095_S0,0
3209,28_095_S3,0
3210,28_096_S3,0
3211,28_097_S3,0
3212,28_098_S0,0
3213,28_098_S1,0
3214,28_099_S0,0
3215,28_100_S2,0
3216,28_100_S3,0
3217,28_101_S2,0
3218,28_101_S3,0
3219,28_103_S0,0
3220,28_103_S1,0
3221,28_103_S2,0
3222,28_104_S2,0
3223,28_106_S0,0
3224,28_106_S3,0
3225,28_107_S0,0
3226,28_109_S1,0
3227,28_109_S3,0
3228,28_110_S1,0
3229,28_110_S2,0
3230,28_111_S3,0
3231,28_112_S2,0
3232,28_113_S2,0
3233,28_113_S3,0
3234,28_114_S1,0
3235,28_115_S0,0
3236,28_116_S2,0
3237,28_116_S3,0
3238,28_117_S1,0
3239,28_117_S2,0
3240,28_118_S1,0
3241,28_119_S3,0
3242,28_120_S0,0
3243,28_121_S0,0
3244,28_121_S2,0
3245,28_126_S0,0
3246,28_127_S1,0
3247,28_127_S3,0
3248,29_000_S0,0
3249,29_000_S2,0
3250,29_001_S2,0
3251,29_002_S0,0
3252,29_002_S3,0
3253,29_003_S2,0
3254,29_005_S2,0
3255,29_005_S3,0
3256,29_006_S0,0
3257,29_006_S3,0
3258,29_007_S0,0
3259,29_009_S3,0
3260,29_010_S1,0
3261,29_012_S0,0
3262,29_012_S1,0
3263,29_012_S2,0
3264,29_013_S0,0
3265,29_015_S3,0
3266,29_016_S0,0
3267,29_016_S2,0
3268,29_016_S3,0
3269,29_018_S2,0
3270,29_019_S0,0
3271,29_019_S1,0
3272,29_020_S2,0
3273,29_022_S1,0
3274,29_022_S2,0
3275,29_022_S3,0
3276,29_023_S0,0
3277,29_023_S2,0
3278,29_024_S1,0
3279,29_024_S2,0
3280,29_024_S3,0
3281,29_025_S0,0
3282,29_026_S1,0
3283,29_027_S1,0
3284,29_028_S1,0
3285,29_030_S1,0
3286,29_030_S2,0
3287,29_033_S1,0
3288,29_034_S0,0
3289,29_034_S3,0
3290,29_035_S2,0
3291,29_037_S2,0
3292,29_038_S1,0
3293,29_038_S3,0
3294,29_039_S0,0
3295,29_039_S3,0
3296,29_040_S1,0
3297,29_041_S2,0
3298,29_042_S0,0
3299,29_043_S0,0
3300,29_043_S1,0
3301,29_045_S0,0
3302,29_045_S3,0
3303,29_052_S0,0
3304,29_053_S0,0
3305,29_054_S0,0
3306,29_054_S1,0
3307,29_055_S3,0
3308,29_056_S2,0
3309,29_057_S0,0
3310,29_057_S1,0
3311,29_057_S3,0
3312,29_058_S2,0
3313,29_058_S3,0
3314,29_059_S1,0
3315,29_059_S2,0
3316,29_060_S0,0
3317,29_060_S2,0
3318,29_061_S0,0
3319,29_062_S0,0
3320,29_063_S1,0
3321,29_063_S2,0
3322,29_063_S3,0
3323,29_064_S0,0
3324,29_065_S0,0
3325,29_066_S0,0
3326,29_066_S2,0
3327,29_066_S3,0
3328,29_067_S0,0
3329,29_067_S3,0
3330,29_068_S1,0
3331,29_069_S1,0
3332,29_069_S2,0
3333,29_069_S3,0
3334,29_070_S0,0
3335,29_070_S1,0
3336,29_070_S2,0
3337,29_070_S3,0
3338,29_071_S1,0
3339,29_071_S2,0
3340,29_072_S0,0
3341,29_073_S0,0
3342,29_074_S1,0
3343,29_075_S1,0
3344,29_075_S2,0
3345,29_078_S2,0
3346,29_078_S3,0
3347,29_079_S1,0
3348,29_079_S3,0
3349,29_080_S3,0
3350,29_081_S1,0
3351,29_082_S0,0
3352,29_082_S2,0
3353,29_084_S3,0
3354,29_085_S0,0
3355,29_085_S1,0
3356,29_085_S2,0
3357,29_085_S3,0
3358,29_086_S1,0
3359,29_086_S3,0
3360,29_087_S1,0
3361,29_088_S0,0
3362,29_088_S3,0
3363,29_089_S3,0
3364,29_090_S0,0
3365,29_091_S1,0
3366,29_092_S0,0
3367,29_092_S1,0
3368,29_093_S1,0
3369,29_094_S1,0
3370,29_094_S3,0
3371,29_095_S0,0
3372,29_096_S3,0
3373,29_097_S0,0
3374,29_100_S1,0
3375,29_100_S2,0
3376,29_101_S0,0
3377,29_101_S3,0
3378,29_102_S0,0
3379,29_102_S3,0
3380,29_103_S0,0
3381,29_106_S1,0
3382,29_106_S2,0
3383,29_108_S0,0
3384,29_108_S3,0
3385,29_109_S3,0
3386,29_111_S0,0
3387,29_111_S3,0
3388,29_112_S2,0
3389,29_113_S0,0
3390,29_113_S1,0
3391,29_114_S0,0
3392,29_114_S2,0
3393,29_114_S3,0
3394,29_115_S1,0
3395,29_118_S0,0
3396,29_118_S1,0
3397,29_118_S3,0
3398,29_119_S2,0
3399,29_119_S3,0
3400,29_120_S0,0
3401,29_120_S3,0
3402,29_121_S2,0
3403,29_121_S3,0
3404,29_122_S2,0
3405,29_123_S3,0
3406,29_124_S0,0
3407,29_124_S1,0
3408,29_124_S2,0
3409,29_124_S3,0
3410,29_125_S2,0
3411,29_126_S3,0
3412,2_001_S0,0
3413,2_001_S3,0
3414,2_002_S1,0
3415,2_002_S3,0
3416,2_005_S0,0
3417,2_007_S3,0
3418,2_009_S0,0
3419,2_011_S2,0
3420,2_011_S3,0
3421,2_014_S2,0
3422,2_014_S3,0
3423,2_015_S2,0
3424,2_018_S2,0
3425,2_020_S0,0
3426,2_020_S1,0
3427,2_020_S3,0
3428,2_021_S0,0
3429,2_021_S2,0
3430,2_023_S0,0
3431,2_023_S1,0
3432,2_024_S0,0
3433,2_025_S3,0
3434,2_026_S0,0
3435,2_026_S1,0
3436,2_026_S2,0
3437,2_027_S1,0
3438,2_028_S1,1
3439,2_028_S2,0
3440,2_029_S3,0
3441,2_030_S3,0
3442,2_031_S0,0
3443,2_031_S2,0
3444,2_033_S0,0
3445,2_033_S3,0
3446,2_035_S0,0
3447,2_035_S2,0
3448,2_036_S0,0
3449,2_036_S1,0
3450,2_037_S0,0
3451,2_037_S3,0
3452,2_039_S0,0
3453,2_040_S2,0
3454,2_041_S0,0
3455,2_041_S2,0
3456,2_041_S3,0
3457,2_042_S3,0
3458,2_043_S2,0
3459,2_044_S3,0
3460,2_045_S0,0
3461,2_046_S1,0
3462,2_046_S2,0
3463,2_046_S3,0
3464,2_048_S1,0
3465,2_048_S2,0
3466,2_049_S1,0
3467,2_050_S2,0
3468,2_052_S2,0
3469,2_052_S3,0
3470,2_053_S0,0
3471,2_053_S1,0
3472,2_054_S0,0
3473,2_054_S1,0
3474,2_054_S2,0
3475,2_054_S3,0
3476,2_056_S2,0
3477,2_057_S1,0
3478,2_057_S2,0
3479,2_059_S2,0
3480,2_060_S1,0
3481,2_060_S3,0
3482,2_061_S1,0
3483,2_063_S0,0
3484,2_063_S2,0
3485,2_064_S1,0
3486,2_065_S2,0
3487,2_065_S3,0
3488,2_066_S2,0
3489,2_066_S3,0
3490,2_067_S2,0
3491,2_068_S1,0
3492,2_068_S2,0
3493,2_072_S2,0
3494,2_072_S3,0
3495,2_073_S1,0
3496,2_074_S2,0
3497,2_074_S3,0
3498,2_075_S0,0
3499,2_075_S3,0
3500,2_077_S2,0
3501,2_078_S2,0
3502,2_079_S0,0
3503,2_079_S1,0
3504,2_079_S2,0
3505,2_079_S3,0
3506,2_081_S2,0
3507,2_082_S3,0
3508,2_083_S1,0
3509,2_084_S0,0
3510,2_084_S3,0
3511,2_085_S2,0
3512,2_086_S0,0
3513,2_086_S1,0
3514,2_086_S2,0
3515,2_087_S1,0
3516,2_087_S2,0
3517,2_088_S2,0
3518,2_089_S1,0
3519,2_089_S2,0
3520,2_089_S3,0
3521,2_094_S0,0
3522,2_094_S1,0
3523,2_094_S2,0
3524,2_095_S0,0
3525,2_096_S3,0
3526,2_097_S0,0
3527,2_098_S3,0
3528,2_099_S2,0
3529,2_101_S0,0
3530,2_102_S0,0
3531,2_102_S1,0
3532,2_103_S0,0
3533,2_103_S2,0
3534,2_105_S2,0
3535,2_106_S1,0
3536,2_106_S2,0
3537,2_108_S0,0
3538,2_112_S0,0
3539,2_114_S2,0
3540,2_114_S3,0
3541,2_115_S3,0
3542,2_116_S1,0
3543,2_117_S1,0
3544,2_117_S3,0
3545,2_118_S0,0
3546,2_119_S2,0
3547,2_120_S1,0
3548,2_121_S0,0
3549,2_121_S1,0
3550,2_122_S3,0
3551,2_123_S3,0
3552,2_124_S1,0
3553,2_124_S2,0
3554,2_125_S1,0
3555,2_126_S1,0
3556,2_126_S2,0
3557,2_127_S1,0
3558,2_127_S2,0
3559,30_000_S1,0
3560,30_000_S3,0
3561,30_002_S1,0
3562,30_003_S3,0
3563,30_004_S0,0
3564,30_005_S0,0
3565,30_005_S1,0
3566,30_006_S3,0
3567,30_007_S1,0
3568,30_007_S2,0
3569,30_008_S2,0
3570,30_009_S0,0
3571,30_009_S1,0
3572,30_009_S3,0
3573,30_010_S1,0
3574,30_011_S0,0
3575,30_011_S3,0
3576,30_013_S1,0
3577,30_013_S3,0
3578,30_015_S1,0
3579,30_016_S2,0
3580,30_016_S3,0
3581,30_017_S1,0
3582,30_017_S2,0
3583,30_017_S3,0
3584,30_018_S1,0
3585,30_018_S2,0
3586,30_018_S3,0
3587,30_021_S3,0
3588,30_022_S0,0
3589,30_022_S2,0
3590,30_023_S0,0
3591,30_023_S2,0
3592,30_025_S0,0
3593,30_025_S2,0
3594,30_026_S0,0
3595,30_026_S2,0
3596,30_027_S0,0
3597,30_027_S1,0
3598,30_027_S3,0
3599,30_028_S1,0
3600,30_028_S2,0
3601,30_028_S3,0
3602,30_029_S3,0
3603,30_030_S0,0
3604,30_030_S2,0
3605,30_031_S0,0
3606,30_031_S2,0
3607,30_032_S0,0
3608,30_032_S1,0
3609,30_032_S2,0
3610,30_035_S0,0
3611,30_035_S1,0
3612,30_035_S2,0
3613,30_036_S1,0
3614,30_037_S0,0
3615,30_038_S1,0
3616,30_041_S0,0
3617,30_041_S3,0
3618,30_042_S1,0
3619,30_043_S0,0
3620,30_044_S0,0
3621,30_045_S0,0
3622,30_046_S0,0
3623,30_047_S1,0
3624,30_047_S2,0
3625,30_048_S2,0
3626,30_049_S0,0
3627,30_049_S2,0
3628,30_051_S3,0
3629,30_052_S2,0
3630,30_054_S1,0
3631,30_054_S2,0
3632,30_055_S2,0
3633,30_055_S3,0
3634,30_056_S0,0
3635,30_056_S3,0
3636,30_058_S2,0
3637,30_059_S0,0
3638,30_059_S2,0
3639,30_062_S1,0
3640,30_062_S2,0
3641,30_062_S3,0
3642,30_064_S1,0
3643,30_064_S2,0
3644,30_067_S1,0
3645,30_068_S0,0
3646,30_069_S2,0
3647,30_069_S3,0
3648,30_070_S0,0
3649,30_070_S1,0
3650,30_070_S3,0
3651,30_071_S1,0
3652,30_071_S2,0
3653,30_071_S3,0
3654,30_074_S0,0
3655,30_074_S3,0
3656,30_075_S1,0
3657,30_075_S2,0
3658,30_076_S1,1
3659,30_076_S3,1
3660,30_077_S1,0
3661,30_077_S3,0
3662,30_078_S0,0
3663,30_079_S1,0
3664,30_081_S1,0
3665,30_082_S2,0
3666,30_083_S1,0
3667,30_086_S2,0
3668,30_087_S1,0
3669,30_089_S1,0
3670,30_089_S2,0
3671,30_090_S1,0
3672,30_091_S0,0
3673,30_091_S3,0
3674,30_092_S2,0
3675,30_093_S1,0
3676,30_094_S3,0
3677,30_095_S0,0
3678,30_095_S2,0
3679,30_096_S0,0
3680,30_096_S3,0
3681,30_097_S0,0
3682,30_097_S3,0
3683,30_098_S1,0
3684,30_099_S1,0
3685,30_100_S1,0
3686,30_101_S3,0
3687,30_102_S0,0
3688,30_102_S3,0
3689,30_108_S3,0
3690,30_109_S0,0
3691,30_109_S1,0
3692,30_110_S1,0
3693,30_111_S3,0
3694,30_112_S0,0
3695,30_112_S1,0
3696,30_115_S3,0
3697,30_116_S1,0
3698,30_118_S1,0
3699,30_119_S1,0
3700,30_121_S2,0
3701,30_122_S2,0
3702,30_122_S3,0
3703,30_123_S1,0
3704,30_125_S2,0
3705,30_125_S3,0
3706,30_127_S3,0
3707,31_000_S1,0
3708,31_002_S2,0
3709,31_004_S1,0
3710,31_005_S1,0
3711,31_005_S3,0
3712,31_006_S1,0
3713,31_007_S0,0
3714,31_007_S2,0
3715,31_008_S2,0
3716,31_008_S3,0
3717,31_009_S0,0
3718,31_010_S0,0
3719,31_010_S3,0
3720,31_011_S2,0
3721,31_012_S1,0
3722,31_013_S1,0
3723,31_013_S3,0
3724,31_014_S1,0
3725,31_014_S2,0
3726,31_015_S3,0
3727,31_016_S0,0
3728,31_016_S3,0
3729,31_018_S0,0
3730,31_018_S1,0
3731,31_019_S0,0
3732,31_022_S1,0
3733,31_024_S0,0
3734,31_024_S1,0
3735,31_025_S0,0
3736,31_025_S2,0
3737,31_026_S0,0
3738,31_026_S1,0
3739,31_029_S0,0
3740,31_029_S1,0
3741,31_029_S2,0
3742,31_030_S1,0
3743,31_030_S2,0
3744,31_030_S3,0
3745,31_031_S1,0
3746,31_033_S3,0
3747,31_034_S2,0
3748,31_034_S3,0
3749,31_035_S0,0
3750,31_035_S2,0
3751,31_036_S1,0
3752,31_036_S2,0
3753,31_037_S1,0
3754,31_038_S0,0
3755,31_038_S3,0
3756,31_039_S2,0
3757,31_039_S3,0
3758,31_040_S3,0
3759,31_041_S1,0
3760,31_041_S2,0
3761,31_042_S0,0
3762,31_044_S1,0
3763,31_044_S2,0
3764,31_044_S3,0
3765,31_045_S1,0
3766,31_045_S2,0
3767,31_046_S3,0
3768,31_048_S0,0
3769,31_050_S1,0
3770,31_051_S2,0
3771,31_052_S0,0
3772,31_053_S3,0
3773,31_054_S1,0
3774,31_055_S0,0
3775,31_056_S2,0
3776,31_057_S0,0
3777,31_058_S3,0
3778,31_059_S0,0
3779,31_059_S2,0
3780,31_060_S1,0
3781,31_060_S2,0
3782,31_061_S3,0
3783,31_062_S0,0
3784,31_062_S1,0
3785,31_064_S0,0
3786,31_064_S2,0
3787,31_065_S1,0
3788,31_065_S2,0
3789,31_066_S2,0
3790,31_067_S0,0
3791,31_067_S1,0
3792,31_068_S1,0
3793,31_068_S2,0
3794,31_068_S3,0
3795,31_070_S2,0
3796,31_071_S1,0
3797,31_072_S2,0
3798,31_074_S0,0
3799,31_074_S3,0
3800,31_075_S0,1
3801,31_075_S2,1
3802,31_075_S3,1
3803,31_076_S2,0
3804,31_077_S1,0
3805,31_077_S2,0
3806,31_078_S1,0
3807,31_078_S3,0
3808,31_079_S1,0
3809,31_081_S0,0
3810,31_081_S2,0
3811,31_082_S3,0
3812,31_083_S2,0
3813,31_083_S3,0
3814,31_085_S0,0
3815,31_085_S1,0
3816,31_085_S2,0
3817,31_086_S0,0
3818,31_086_S1,0
3819,31_087_S2,0
3820,31_088_S0,0
3821,31_088_S2,0
3822,31_090_S2,0
3823,31_091_S1,0
3824,31_092_S2,0
3825,31_092_S3,0
3826,31_093_S3,0
3827,31_094_S3,0
3828,31_096_S0,0
3829,31_096_S2,0
3830,31_097_S0,0
3831,31_097_S2,0
3832,31_098_S2,0
3833,31_099_S1,0
3834,31_099_S2,0
3835,31_100_S1,0
3836,31_100_S3,0
3837,31_101_S0,0
3838,31_102_S0,0
3839,31_102_S2,0
3840,31_106_S2,0
3841,31_107_S0,0
3842,31_108_S3,0
3843,31_109_S0,0
3844,31_110_S1,0
3845,31_111_S0,0
3846,31_111_S1,0
3847,31_111_S3,0
3848,31_113_S3,0
3849,31_114_S0,0
3850,31_115_S0,0
3851,31_115_S3,0
3852,31_116_S1,0
3853,31_117_S0,0
3854,31_118_S0,0
3855,31_119_S0,0
3856,31_119_S1,0
3857,31_119_S3,0
3858,31_120_S0,0
3859,31_120_S2,0
3860,31_121_S1,0
3861,31_122_S2,0
3862,31_124_S2,0
3863,31_125_S2,0
3864,31_126_S0,0
3865,31_127_S1,0
3866,3_000_S0,0
3867,3_001_S0,0
3868,3_003_S0,0
3869,3_003_S3,0
3870,3_004_S0,0
3871,3_004_S1,0
3872,3_004_S3,0
3873,3_005_S3,0
3874,3_009_S0,0
3875,3_009_S3,0
3876,3_010_S0,0
3877,3_011_S1,0
3878,3_012_S0,0
3879,3_012_S1,0
3880,3_012_S3,0
3881,3_013_S1,0
3882,3_013_S3,0
3883,3_015_S2,0
3884,3_018_S2,0
3885,3_021_S0,0
3886,3_022_S1,0
3887,3_024_S0,0
3888,3_024_S2,0
3889,3_026_S0,0
3890,3_026_S2,0
3891,3_027_S0,0
3892,3_027_S3,0
3893,3_029_S0,0
3894,3_032_S0,0
3895,3_033_S3,0
3896,3_034_S0,0
3897,3_034_S1,0
3898,3_035_S2,0
3899,3_035_S3,0
3900,3_036_S0,0
3901,3_037_S1,0
3902,3_037_S2,0
3903,3_038_S0,0
3904,3_039_S0,0
3905,3_040_S2,0
3906,3_041_S1,0
3907,3_042_S1,0
3908,3_042_S2,0
3909,3_043_S0,0
3910,3_043_S1,0
3911,3_044_S0,0
3912,3_045_S1,0
3913,3_045_S3,0
3914,3_048_S1,0
3915,3_048_S2,0
3916,3_050_S1,0
3917,3_050_S2,0
3918,3_051_S2,0
3919,3_051_S3,0
3920,3_052_S1,0
3921,3_052_S2,0
3922,3_052_S3,0
3923,3_053_S0,0
3924,3_053_S1,0
3925,3_054_S0,0
3926,3_054_S1,0
3927,3_055_S1,0
3928,3_055_S3,0
3929,3_056_S2,0
3930,3_060_S1,0
3931,3_060_S2,0
3932,3_061_S0,0
3933,3_061_S2,0
3934,3_062_S2,0
3935,3_062_S3,0
3936,3_063_S0,0
3937,3_065_S2,0
3938,3_065_S3,0
3939,3_067_S0,0
3940,3_067_S3,0
3941,3_069_S2,0
3942,3_070_S1,0
3943,3_071_S1,0
3944,3_071_S3,0
3945,3_072_S0,0
3946,3_072_S3,0
3947,3_074_S2,0
3948,3_075_S0,0
3949,3_077_S1,0
3950,3_077_S2,0
3951,3_078_S2,0
3952,3_078_S3,0
3953,3_079_S3,0
3954,3_080_S1,0
3955,3_080_S3,0
3956,3_081_S0,0
3957,3_081_S3,0
3958,3_082_S1,0
3959,3_083_S0,0
3960,3_083_S2,0
3961,3_083_S3,0
3962,3_086_S1,0
3963,3_087_S3,0
3964,3_088_S1,0
3965,3_092_S2,0
3966,3_093_S0,0
3967,3_095_S0,0
3968,3_095_S2,0
3969,3_096_S2,0
3970,3_097_S0,0
3971,3_097_S1,0
3972,3_097_S2,0
3973,3_097_S3,0
3974,3_098_S0,0
3975,3_098_S2,0
3976,3_100_S2,0
3977,3_101_S3,0
3978,3_102_S1,0
3979,3_103_S1,0
3980,3_104_S1,0
3981,3_105_S1,0
3982,3_105_S3,0
3983,3_106_S2,0
3984,3_107_S0,0
3985,3_107_S1,0
3986,3_108_S0,0
3987,3_108_S1,0
3988,3_109_S3,0
3989,3_114_S1,0
3990,3_115_S1,0
3991,3_116_S0,0
3992,3_116_S1,0
3993,3_116_S2,0
3994,3_116_S3,0
3995,3_118_S3,0
3996,3_119_S1,0
3997,3_120_S3,0
3998,3_121_S1,0
3999,3_121_S2,0
4000,3_123_S3,0
4001,3_124_S3,0
4002,3_126_S0,0
4003,3_127_S0,0
4004,4_000_S1,0
4005,4_005_S3,0
4006,4_006_S1,0
4007,4_009_S2,0
4008,4_010_S1,0
4009,4_011_S0,0
4010,4_011_S2,0
4011,4_014_S2,0
4012,4_015_S1,0
4013,4_016_S0,0
4014,4_016_S3,0
4015,4_017_S3,0
4016,4_018_S0,0
4017,4_019_S0,0
4018,4_020_S1,0
4019,4_022_S1,0
4020,4_023_S1,0
4021,4_024_S1,0
4022,4_025_S0,0
4023,4_028_S1,0
4024,4_028_S3,0
4025,4_029_S2,0
4026,4_030_S2,0
4027,4_031_S0,0
4028,4_031_S1,0
4029,4_031_S2,0
4030,4_032_S1,0
4031,4_033_S0,0
4032,4_033_S2,0
4033,4_034_S1,0
4034,4_034_S2,0
4035,4_035_S0,0
4036,4_035_S1,0
4037,4_036_S2,0
4038,4_037_S0,0
4039,4_038_S1,0
4040,4_038_S3,0
4041,4_039_S3,0
4042,4_040_S0,0
4043,4_040_S2,0
4044,4_041_S0,0
4045,4_042_S0,0
4046,4_042_S2,0
4047,4_043_S0,0
4048,4_043_S1,0
4049,4_043_S3,0
4050,4_044_S2,0
4051,4_045_S0,0
4052,4_045_S3,0
4053,4_047_S0,0
4054,4_047_S2,0
4055,4_048_S0,0
4056,4_048_S3,0
4057,4_050_S2,0
4058,4_051_S2,0
4059,4_051_S3,0
4060,4_052_S3,0
4061,4_053_S1,0
4062,4_053_S3,0
4063,4_055_S1,0
4064,4_056_S2,0
4065,4_057_S3,0
4066,4_058_S3,0
4067,4_059_S1,0
4068,4_060_S2,0
4069,4_061_S3,0
4070,4_062_S1,0
4071,4_063_S0,0
4072,4_063_S1,0
4073,4_064_S0,0
4074,4_064_S3,0
4075,4_065_S1,0
4076,4_067_S0,0
4077,4_067_S1,0
4078,4_067_S3,0
4079,4_068_S2,0
4080,4_069_S0,0
4081,4_070_S1,0
4082,4_072_S0,0
4083,4_072_S2,0
4084,4_073_S0,0
4085,4_073_S3,0
4086,4_074_S1,0
4087,4_075_S1,0
4088,4_075_S3,0
4089,4_076_S0,0
4090,4_076_S2,0
4091,4_076_S3,0
4092,4_077_S2,0
4093,4_078_S1,0
4094,4_079_S3,0
4095,4_081_S0,0
4096,4_082_S3,0
4097,4_083_S1,0
4098,4_083_S3,0
4099,4_084_S1,0
4100,4_085_S3,0
4101,4_087_S2,0
4102,4_088_S3,0
4103,4_089_S3,0
4104,4_091_S1,0
4105,4_092_S1,0
4106,4_093_S0,0
4107,4_094_S0,0
4108,4_096_S0,0
4109,4_096_S3,0
4110,4_097_S0,0
4111,4_098_S0,0
4112,4_099_S3,0
4113,4_100_S0,0
4114,4_101_S0,0
4115,4_102_S3,0
4116,4_103_S3,0
4117,4_104_S1,0
4118,4_104_S3,0
4119,4_105_S0,0
4120,4_105_S3,0
4121,4_106_S2,0
4122,4_107_S3,0
4123,4_108_S2,0
4124,4_109_S2,0
4125,4_110_S2,0
4126,4_110_S3,0
4127,4_112_S1,0
4128,4_112_S2,0
4129,4_112_S3,0
4130,4_113_S3,0
4131,4_114_S1,0
4132,4_115_S0,0
4133,4_116_S1,0
4134,4_117_S2,0
4135,4_117_S3,0
4136,4_118_S2,0
4137,4_119_S1,0
4138,4_120_S2,0
4139,4_121_S1,0
4140,4_123_S0,0
4141,4_125_S1,0
4142,4_125_S2,0
4143,4_126_S1,0
4144,4_127_S3,0
4145,5_001_S1,0
4146,5_001_S2,0
4147,5_001_S3,0
4148,5_003_S0,0
4149,5_004_S2,0
4150,5_004_S3,0
4151,5_005_S0,0
4152,5_006_S1,0
4153,5_006_S2,0
4154,5_007_S1,0
4155,5_010_S1,0
4156,5_010_S3,0
4157,5_011_S0,0
4158,5_012_S0,0
4159,5_012_S1,0
4160,5_012_S3,0
4161,5_013_S2,0
4162,5_015_S3,0
4163,5_016_S0,0
4164,5_017_S0,0
4165,5_018_S1,0
4166,5_018_S2,0
4167,5_018_S3,0
4168,5_020_S3,0
4169,5_021_S3,0
4170,5_022_S1,0
4171,5_022_S2,0
4172,5_025_S1,0
4173,5_025_S3,0
4174,5_028_S0,0
4175,5_029_S0,0
4176,5_029_S1,0
4177,5_029_S3,0
4178,5_031_S1,0
4179,5_031_S2,0
4180,5_031_S3,0
4181,5_032_S1,0
4182,5_032_S2,0
4183,5_033_S0,0
4184,5_033_S3,0
4185,5_034_S0,0
4186,5_036_S0,0
4187,5_037_S3,0
4188,5_038_S0,0
4189,5_038_S1,0
4190,5_039_S1,0
4191,5_039_S2,0
4192,5_041_S1,0
4193,5_041_S2,0
4194,5_042_S3,0
4195,5_044_S0,0
4196,5_046_S2,0
4197,5_046_S3,0
4198,5_047_S1,0
4199,5_047_S3,0
4200,5_048_S3,0
4201,5_049_S0,0
4202,5_049_S1,0
4203,5_049_S3,0
4204,5_050_S3,0
4205,5_052_S1,0
4206,5_052_S3,0
4207,5_053_S0,0
4208,5_053_S1,0
4209,5_053_S3,0
4210,5_054_S1,0
4211,5_056_S3,0
4212,5_057_S0,0
4213,5_057_S1,0
4214,5_057_S3,0
4215,5_058_S3,0
4216,5_060_S0,0
4217,5_060_S2,0
4218,5_061_S3,0
4219,5_062_S2,0
4220,5_064_S0,0
4221,5_064_S2,0
4222,5_064_S3,0
4223,5_066_S0,0
4224,5_066_S2,0
4225,5_066_S3,0
4226,5_067_S3,0
4227,5_068_S0,0
4228,5_069_S1,0
4229,5_070_S3,0
4230,5_072_S2,0
4231,5_072_S3,0
4232,5_073_S3,0
4233,5_075_S0,0
4234,5_075_S2,0
4235,5_075_S3,0
4236,5_077_S0,0
4237,5_078_S2,0
4238,5_078_S3,0
4239,5_080_S2,0
4240,5_081_S0,0
4241,5_082_S0,0
4242,5_082_S1,0
4243,5_082_S3,0
4244,5_084_S3,0
4245,5_085_S1,0
4246,5_085_S3,0
4247,5_086_S2,0
4248,5_087_S0,0
4249,5_087_S1,0
4250,5_087_S2,0
4251,5_092_S1,0
4252,5_092_S2,0
4253,5_093_S2,0
4254,5_094_S0,0
4255,5_094_S2,0
4256,5_095_S3,0
4257,5_096_S0,0
4258,5_097_S0,0
4259,5_097_S2,0
4260,5_097_S3,0
4261,5_099_S3,0
4262,5_100_S1,0
4263,5_102_S2,0
4264,5_103_S1,0
4265,5_104_S0,0
4266,5_104_S1,0
4267,5_104_S3,0
4268,5_105_S0,0
4269,5_105_S1,0
4270,5_106_S1,0
4271,5_107_S2,0
4272,5_108_S0,0
4273,5_108_S2,0
4274,5_108_S3,0
4275,5_110_S2,0
4276,5_110_S3,0
4277,5_111_S0,0
4278,5_111_S2,0
4279,5_113_S1,0
4280,5_113_S3,0
4281,5_114_S1,0
4282,5_115_S1,0
4283,5_115_S3,0
4284,5_116_S0,0
4285,5_116_S2,0
4286,5_117_S0,0
4287,5_117_S1,0
4288,5_117_S2,0
4289,5_118_S0,0
4290,5_118_S2,0
4291,5_119_S1,0
4292,5_120_S2,0
4293,5_121_S1,0
4294,5_121_S3,0
4295,5_122_S1,0
4296,5_123_S3,0
4297,5_124_S3,0
4298,5_125_S3,0
4299,5_126_S0,0
4300,5_126_S2,0
4301,6_000_S1,0
4302,6_000_S2,0
4303,6_000_S3,0
4304,6_002_S2,0
4305,6_004_S2,0
4306,6_006_S1,0
4307,6_007_S0,0
4308,6_008_S0,0
4309,6_008_S1,0
4310,6_009_S2,0
4311,6_010_S3,0
4312,6_012_S0,1
4313,6_012_S1,1
4314,6_014_S2,0
4315,6_015_S0,0
4316,6_015_S1,0
4317,6_016_S0,0
4318,6_016_S3,0
4319,6_018_S1,0
4320,6_018_S2,0
4321,6_021_S0,0
4322,6_022_S0,0
4323,6_022_S3,0
4324,6_023_S3,0
4325,6_025_S1,0
4326,6_025_S2,0
4327,6_025_S3,0
4328,6_026_S0,0
4329,6_026_S3,0
4330,6_027_S3,0
4331,6_028_S1,0
4332,6_028_S3,0
4333,6_029_S0,0
4334,6_030_S1,0
4335,6_030_S3,0
4336,6_032_S0,0
4337,6_032_S1,0
4338,6_032_S2,0
4339,6_033_S0,0
4340,6_033_S1,0
4341,6_033_S2,0
4342,6_034_S0,0
4343,6_035_S1,0
4344,6_038_S0,0
4345,6_039_S3,0
4346,6_040_S1,0
4347,6_040_S3,0
4348,6_041_S2,0
4349,6_042_S3,0
4350,6_043_S3,0
4351,6_044_S1,0
4352,6_045_S0,0
4353,6_045_S1,0
4354,6_047_S0,0
4355,6_047_S1,0
4356,6_047_S2,0
4357,6_047_S3,0
4358,6_048_S2,0
4359,6_048_S3,0
4360,6_049_S0,0
4361,6_049_S1,0
4362,6_049_S2,0
4363,6_050_S1,0
4364,6_053_S1,0
4365,6_053_S2,0
4366,6_054_S0,0
4367,6_054_S1,0
4368,6_055_S0,0
4369,6_055_S1,0
4370,6_057_S0,0
4371,6_058_S0,0
4372,6_059_S2,0
4373,6_060_S1,0
4374,6_061_S1,0
4375,6_061_S2,0
4376,6_062_S2,0
4377,6_063_S3,0
4378,6_064_S0,0
4379,6_065_S2,0
4380,6_067_S1,0
4381,6_067_S2,0
4382,6_068_S3,0
4383,6_069_S0,0
4384,6_069_S1,0
4385,6_069_S3,0
4386,6_070_S1,0
4387,6_070_S3,0
4388,6_071_S1,0
4389,6_072_S1,0
4390,6_072_S2,0
4391,6_072_S3,0
4392,6_074_S0,0
4393,6_074_S1,0
4394,6_074_S2,0
4395,6_075_S0,0
4396,6_075_S2,0
4397,6_075_S3,0
4398,6_078_S0,0
4399,6_079_S1,0
4400,6_080_S1,0
4401,6_081_S0,0
4402,6_081_S1,0
4403,6_081_S3,0
4404,6_082_S2,0
4405,6_083_S0,0
4406,6_083_S2,0
4407,6_084_S1,0
4408,6_085_S1,0
4409,6_085_S2,0
4410,6_086_S0,0
4411,6_086_S3,0
4412,6_087_S1,0
4413,6_090_S1,0
4414,6_090_S3,0
4415,6_091_S1,0
4416,6_091_S2,0
4417,6_092_S1,0
4418,6_093_S0,0
4419,6_093_S2,0
4420,6_094_S3,0
4421,6_095_S0,0
4422,6_095_S1,0
4423,6_095_S3,0
4424,6_096_S0,0
4425,6_096_S2,0
4426,6_098_S1,0
4427,6_099_S0,0
4428,6_099_S1,0
4429,6_101_S2,0
4430,6_103_S3,0
4431,6_104_S0,0
4432,6_104_S1,0
4433,6_105_S3,0
4434,6_106_S1,0
4435,6_107_S2,0
4436,6_109_S0,0
4437,6_109_S1,0
4438,6_110_S0,0
4439,6_110_S3,0
4440,6_111_S0,0
4441,6_111_S1,0
4442,6_113_S0,0
4443,6_113_S3,0
4444,6_114_S0,0
4445,6_114_S2,0
4446,6_116_S1,0
4447,6_117_S0,0
4448,6_117_S1,0
4449,6_118_S0,0
4450,6_118_S1,0
4451,6_119_S0,0
4452,6_119_S1,0
4453,6_120_S0,0
4454,6_120_S1,0
4455,6_121_S2,0
4456,6_121_S3,0
4457,6_122_S0,0
4458,6_123_S0,0
4459,6_124_S0,0
4460,6_124_S2,0
4461,6_124_S3,0
4462,6_125_S1,0
4463,6_125_S3,0
4464,6_126_S2,0
4465,6_127_S0,0
4466,7_000_S0,0
4467,7_000_S3,0
4468,7_002_S1,0
4469,7_002_S2,0
4470,7_002_S3,0
4471,7_004_S0,0
4472,7_005_S1,0
4473,7_006_S0,0
4474,7_006_S2,0
4475,7_006_S3,0
4476,7_008_S1,0
4477,7_009_S0,0
4478,7_009_S1,0
4479,7_012_S2,1
4480,7_012_S3,1
4481,7_015_S2,0
4482,7_016_S2,0
4483,7_017_S2,0
4484,7_018_S0,0
4485,7_018_S3,0
4486,7_020_S0,0
4487,7_020_S2,0
4488,7_021_S1,0
4489,7_022_S1,0
4490,7_022_S3,0
4491,7_023_S0,0
4492,7_024_S1,0
4493,7_025_S0,0
4494,7_025_S2,0
4495,7_026_S3,0
4496,7_028_S0,0
4497,7_028_S1,0
4498,7_028_S3,0
4499,7_029_S0,0
4500,7_029_S3,0
4501,7_030_S0,0
4502,7_030_S1,0
4503,7_030_S3,0
4504,7_031_S0,0
4505,7_032_S0,0
4506,7_033_S2,0
4507,7_033_S3,0
4508,7_034_S2,0
4509,7_035_S1,0
4510,7_036_S3,0
4511,7_037_S0,0
4512,7_037_S3,0
4513,7_038_S2,0
4514,7_039_S1,0
4515,7_040_S1,0
4516,7_040_S2,0
4517,7_041_S0,0
4518,7_041_S2,0
4519,7_043_S1,0
4520,7_043_S2,0
4521,7_044_S0,0
4522,7_045_S1,0
4523,7_045_S2,0
4524,7_046_S1,0
4525,7_052_S1,0
4526,7_053_S2,0
4527,7_053_S3,0
4528,7_054_S3,0
4529,7_055_S1,0
4530,7_057_S1,0
4531,7_058_S0,0
4532,7_058_S3,0
4533,7_059_S2,0
4534,7_060_S0,0
4535,7_063_S0,0
4536,7_063_S1,0
4537,7_063_S2,0
4538,7_065_S1,0
4539,7_065_S2,0
4540,7_065_S3,0
4541,7_066_S0,0
4542,7_066_S2,0
4543,7_069_S0,0
4544,7_070_S0,0
4545,7_071_S1,0
4546,7_071_S3,0
4547,7_072_S1,0
4548,7_073_S2,0
4549,7_073_S3,0
4550,7_074_S1,0
4551,7_074_S2,0
4552,7_075_S0,0
4553,7_075_S1,0
4554,7_077_S0,0
4555,7_078_S0,0
4556,7_078_S1,0
4557,7_078_S3,0
4558,7_079_S0,0
4559,7_080_S1,0
4560,7_080_S2,0
4561,7_082_S2,0
4562,7_083_S0,0
4563,7_083_S1,0
4564,7_084_S0,0
4565,7_084_S2,0
4566,7_084_S3,0
4567,7_085_S0,0
4568,7_085_S2,0
4569,7_086_S0,0
4570,7_086_S3,0
4571,7_087_S0,0
4572,7_087_S1,0
4573,7_088_S0,0
4574,7_089_S2,0
4575,7_090_S3,0
4576,7_091_S3,0
4577,7_093_S3,0
4578,7_096_S2,0
4579,7_096_S3,0
4580,7_097_S1,0
4581,7_097_S2,0
4582,7_099_S1,0
4583,7_099_S3,0
4584,7_101_S3,0
4585,7_102_S0,0
4586,7_102_S2,0
4587,7_104_S1,0
4588,7_105_S0,0
4589,7_107_S0,0
4590,7_107_S1,0
4591,7_107_S3,0
4592,7_108_S1,0
4593,7_108_S2,0
4594,7_112_S0,0
4595,7_112_S2,0
4596,7_112_S3,0
4597,7_114_S1,0
4598,7_114_S2,0
4599,7_116_S2,0
4600,7_117_S0,0
4601,7_117_S3,0
4602,7_119_S1,0
4603,7_120_S1,0
4604,7_121_S1,0
4605,7_122_S2,0
4606,7_123_S0,0
4607,7_123_S2,0
4608,7_123_S3,0
4609,7_125_S2,0
4610,7_126_S1,0
4611,8_000_S1,0
4612,8_000_S2,0
4613,8_002_S1,0
4614,8_003_S3,0
4615,8_004_S0,0
4616,8_005_S3,0
4617,8_006_S0,0
4618,8_007_S2,1
4619,8_007_S3,1
4620,8_008_S0,0
4621,8_008_S1,0
4622,8_009_S2,0
4623,8_011_S3,0
4624,8_012_S0,0
4625,8_012_S3,0
4626,8_013_S0,0
4627,8_013_S3,0
4628,8_014_S2,0
4629,8_015_S2,0
4630,8_016_S0,0
4631,8_016_S1,0
4632,8_017_S2,0
4633,8_018_S1,0
4634,8_019_S0,0
4635,8_019_S1,0
4636,8_020_S0,0
4637,8_020_S1,0
4638,8_020_S3,0
4639,8_021_S2,0
4640,8_023_S0,0
4641,8_024_S0,0
4642,8_024_S1,0
4643,8_024_S2,0
4644,8_025_S3,0
4645,8_026_S0,0
4646,8_028_S1,0
4647,8_028_S2,0
4648,8_029_S2,0
4649,8_029_S3,0
4650,8_030_S2,0
4651,8_030_S3,0
4652,8_031_S3,0
4653,8_032_S1,0
4654,8_033_S2,0
4655,8_033_S3,0
4656,8_034_S0,0
4657,8_035_S3,0
4658,8_036_S1,0
4659,8_036_S2,0
4660,8_037_S2,0
4661,8_038_S0,0
4662,8_039_S0,0
4663,8_040_S0,0
4664,8_041_S0,0
4665,8_041_S3,0
4666,8_042_S0,0
4667,8_042_S1,0
4668,8_042_S3,0
4669,8_044_S3,0
4670,8_045_S0,0
4671,8_046_S2,0
4672,8_046_S3,0
4673,8_048_S0,0
4674,8_048_S1,0
4675,8_048_S2,0
4676,8_049_S2,0
4677,8_049_S3,0
4678,8_051_S1,0
4679,8_052_S3,0
4680,8_055_S0,0
4681,8_055_S1,0
4682,8_056_S2,0
4683,8_057_S0,0
4684,8_058_S1,0
4685,8_060_S1,0
4686,8_061_S1,0
4687,8_061_S2,0
4688,8_062_S0,0
4689,8_063_S0,0
4690,8_063_S1,0
4691,8_064_S0,0
4692,8_064_S3,0
4693,8_065_S2,0
4694,8_066_S0,0
4695,8_067_S1,0
4696,8_067_S2,0
4697,8_067_S3,0
4698,8_068_S2,0
4699,8_070_S0,0
4700,8_071_S1,0
4701,8_071_S3,0
4702,8_072_S0,0
4703,8_072_S1,0
4704,8_072_S2,0
4705,8_073_S2,0
4706,8_074_S0,0
4707,8_074_S3,0
4708,8_077_S2,0
4709,8_077_S3,0
4710,8_078_S3,0
4711,8_079_S3,0
4712,8_080_S1,0
4713,8_080_S3,0
4714,8_081_S2,0
4715,8_082_S0,0
4716,8_082_S2,0
4717,8_084_S2,0
4718,8_085_S2,0
4719,8_086_S0,0
4720,8_087_S0,0
4721,8_089_S1,0
4722,8_089_S3,0
4723,8_090_S2,0
4724,8_092_S1,0
4725,8_093_S1,0
4726,8_094_S3,0
4727,8_095_S1,0
4728,8_097_S1,0
4729,8_097_S2,0
4730,8_098_S2,0
4731,8_099_S3,0
4732,8_100_S1,0
4733,8_100_S3,0
4734,8_101_S1,0
4735,8_102_S1,0
4736,8_102_S3,0
4737,8_103_S0,0
4738,8_103_S2,0
4739,8_105_S1,0
4740,8_108_S0,0
4741,8_108_S2,0
4742,8_108_S3,0
4743,8_109_S0,0
4744,8_109_S2,0
4745,8_110_S2,0
4746,8_112_S2,0
4747,8_113_S0,0
4748,8_114_S3,0
4749,8_115_S0,0
4750,8_116_S0,0
4751,8_118_S0,0
4752,8_119_S1,0
4753,8_120_S2,0
4754,8_121_S0,0
4755,8_121_S3,0
4756,8_122_S0,0
4757,8_123_S1,0
4758,8_123_S3,0
4759,8_125_S1,0
4760,8_125_S2,0
4761,8_127_S0,0
4762,8_127_S1,0
4763,9_000_S2,0
4764,9_001_S0,0
4765,9_002_S0,0
4766,9_005_S2,0
4767,9_007_S3,0
4768,9_008_S1,0
4769,9_009_S1,0
4770,9_009_S2,1
4771,9_010_S0,0
4772,9_011_S0,0
4773,9_011_S2,0
4774,9_011_S3,0
4775,9_012_S0,0
4776,9_013_S1,0
4777,9_013_S2,0
4778,9_013_S3,0
4779,9_014_S3,0
4780,9_015_S2,0
4781,9_016_S3,0
4782,9_017_S2,0
4783,9_017_S3,0
4784,9_018_S0,0
4785,9_019_S3,0
4786,9_021_S0,0
4787,9_021_S1,0
4788,9_022_S1,0
4789,9_022_S3,0
4790,9_027_S3,0
4791,9_028_S0,0
4792,9_028_S2,0
4793,9_028_S3,0
4794,9_029_S1,0
4795,9_029_S3,0
4796,9_030_S1,0
4797,9_031_S3,0
4798,9_032_S1,0
4799,9_033_S0,0
4800,9_033_S1,0
4801,9_033_S2,0
4802,9_033_S3,0
4803,9_034_S0,0
4804,9_035_S1,0
4805,9_036_S1,0
4806,9_036_S3,0
4807,9_037_S1,0
4808,9_037_S3,0
4809,9_038_S3,0
4810,9_039_S0,0
4811,9_040_S1,0
4812,9_040_S2,0
4813,9_042_S3,0
4814,9_044_S1,0
4815,9_044_S3,0
4816,9_045_S3,0
4817,9_046_S1,0
4818,9_048_S1,0
4819,9_048_S3,0
4820,9_049_S2,0
4821,9_050_S0,0
4822,9_050_S3,0
4823,9_051_S3,0
4824,9_052_S1,0
4825,9_052_S2,0
4826,9_058_S3,0
4827,9_059_S0,0
4828,9_059_S2,0
4829,9_061_S0,0
4830,9_062_S3,0
4831,9_063_S0,0
4832,9_064_S1,0
4833,9_064_S2,0
4834,9_066_S1,0
4835,9_066_S3,0
4836,9_068_S2,0
4837,9_068_S3,0
4838,9_070_S1,0
4839,9_070_S3,0
4840,9_071_S1,0
4841,9_072_S1,0
4842,9_072_S2,0
4843,9_073_S3,0
4844,9_075_S1,0
4845,9_076_S3,0
4846,9_077_S1,0
4847,9_077_S2,0
4848,9_078_S2,0
4849,9_079_S3,0
4850,9_080_S3,0
4851,9_081_S0,0
4852,9_081_S1,0
4853,9_082_S1,0
4854,9_082_S2,0
4855,9_083_S0,0
4856,9_084_S0,0
4857,9_084_S2,0
4858,9_086_S0,0
4859,9_086_S1,0
4860,9_086_S3,0
4861,9_087_S2,0
4862,9_087_S3,0
4863,9_088_S1,0
4864,9_088_S3,0
4865,9_089_S0,0
4866,9_089_S2,0
4867,9_090_S2,0
4868,9_091_S0,0
4869,9_091_S2,0
4870,9_092_S0,0
4871,9_092_S3,0
4872,9_093_S0,0
4873,9_093_S1,0
4874,9_093_S3,0
4875,9_094_S3,0
4876,9_095_S0,0
4877,9_095_S1,0
4878,9_095_S2,0
4879,9_096_S2,0
4880,9_097_S2,0
4881,9_098_S1,0
4882,9_098_S3,0
4883,9_100_S0,0
4884,9_100_S1,0
4885,9_100_S2,0
4886,9_101_S0,0
4887,9_101_S1,0
4888,9_102_S3,0
4889,9_103_S3,0
4890,9_104_S0,0
4891,9_104_S2,0
4892,9_104_S3,0
4893,9_106_S2,0
4894,9_109_S0,0
4895,9_109_S1,0
4896,9_110_S2,0
4897,9_111_S0,0
4898,9_111_S3,0
4899,9_113_S1,0
4900,9_113_S2,0
4901,9_114_S2,0
4902,9_115_S3,0
4903,9_116_S2,0
4904,9_117_S3,0
4905,9_118_S1,0
4906,9_119_S0,0
4907,9_119_S2,0
4908,9_120_S2,0
4909,9_123_S1,0
4910,9_123_S2,0
4911,9_124_S0,0
4912,9_124_S2,0
4913,9_125_S1,0
4914,9_125_S3,0
4915,9_127_S1,0
